Date,Commodity,Price,Temperature,Rainfall
2024-01-01,Tomato,14,28,12
2024-01-02,Tomato,22,35,7
2024-01-03,Tomato,14,34,2
2024-01-04,Tomato,18,35,7
2024-01-05,Tomato,11,32,7
2024-01-06,Tomato,10,30,4
2024-01-07,Tomato,9,32,11
2024-01-08,Tomato,13,26,11
2024-01-09,Tomato,8,36,9
2024-01-10,Tomato,19,33,0
2024-01-11,Tomato,17,36,11
2024-01-12,Tomato,23,27,11
2024-01-13,Tomato,10,29,2
2024-01-14,Tomato,14,29,8
2024-01-15,Tomato,14,26,3
2024-01-16,Tomato,21,26,9
2024-01-17,Tomato,16,34,4
2024-01-18,Tomato,9,28,11
2024-01-19,Tomato,22,36,6
2024-01-20,Tomato,19,37,7
2024-01-21,Tomato,22,27,13
2024-01-22,Tomato,24,28,1
2024-01-23,Tomato,15,28,1
2024-01-24,Tomato,13,30,9
2024-01-25,Tomato,11,30,12
2024-01-26,Tomato,19,26,9
2024-01-27,Tomato,11,32,13
2024-01-28,Tomato,15,29,12
2024-01-29,Tomato,22,29,7
2024-01-30,Tomato,20,33,12
2024-01-31,Tomato,22,37,0
2024-02-01,Tomato,14,33,7
2024-02-02,Tomato,8,36,7
2024-02-03,Tomato,18,27,0
2024-02-04,Tomato,15,27,2
2024-02-05,Tomato,8,35,4
2024-02-06,Tomato,17,31,9
2024-02-07,Tomato,16,36,6
2024-02-08,Tomato,16,32,11
2024-02-09,Tomato,9,25,6
2024-02-10,Tomato,12,27,11
2024-02-11,Tomato,15,30,10
2024-02-12,Tomato,10,25,2
2024-02-13,Tomato,12,27,0
2024-02-14,Tomato,12,34,6
2024-02-15,Tomato,21,31,10
2024-02-16,Tomato,16,34,9
2024-02-17,Tomato,20,27,14
2024-02-18,Tomato,14,25,3
2024-02-19,Tomato,11,29,6
2024-02-20,Tomato,14,37,14
2024-02-21,Tomato,18,37,3
2024-02-22,Tomato,20,31,10
2024-02-23,Tomato,9,34,12
2024-02-24,Tomato,13,36,11
2024-02-25,Tomato,19,36,3
2024-02-26,Tomato,18,34,6
2024-02-27,Tomato,14,25,0
2024-02-28,Tomato,20,33,2
2024-02-29,Tomato,14,30,7
2024-03-01,Tomato,16,29,0
2024-03-02,Tomato,17,36,7
2024-03-03,Tomato,22,35,5
2024-03-04,Tomato,16,28,0
2024-03-05,Tomato,24,34,3
2024-03-06,Tomato,19,31,1
2024-03-07,Tomato,10,25,4
2024-03-08,Tomato,24,32,0
2024-03-09,Tomato,24,26,1
2024-03-10,Tomato,12,25,0
2024-03-11,Tomato,9,29,11
2024-03-12,Tomato,13,31,3
2024-03-13,Tomato,18,32,10
2024-03-14,Tomato,24,30,7
2024-03-15,Tomato,12,28,1
2024-03-16,Tomato,13,30,10
2024-03-17,Tomato,23,25,8
2024-03-18,Tomato,13,37,2
2024-03-19,Tomato,11,27,9
2024-03-20,Tomato,10,27,3
2024-03-21,Tomato,14,28,8
2024-03-22,Tomato,8,32,6
2024-03-23,Tomato,15,25,10
2024-03-24,Tomato,17,27,6
2024-03-25,Tomato,23,34,8
2024-03-26,Tomato,24,26,0
2024-03-27,Tomato,23,36,4
2024-03-28,Tomato,12,35,6
2024-03-29,Tomato,16,33,2
2024-03-30,Tomato,23,27,3
2024-03-31,Tomato,8,32,3
2024-04-01,Tomato,18,25,7
2024-04-02,Tomato,11,30,7
2024-04-03,Tomato,10,33,2
2024-04-04,Tomato,21,26,1
2024-04-05,Tomato,10,37,8
2024-04-06,Tomato,11,25,3
2024-04-07,Tomato,8,29,3
2024-04-08,Tomato,15,31,2
2024-04-09,Tomato,24,25,11
2024-04-10,Tomato,21,30,5
2024-04-11,Tomato,20,27,5
2024-04-12,Tomato,15,35,10
2024-04-13,Tomato,9,29,13
2024-04-14,Tomato,8,36,14
2024-04-15,Tomato,8,29,11
2024-04-16,Tomato,23,27,3
2024-04-17,Tomato,10,25,0
2024-04-18,Tomato,19,36,13
2024-04-19,Tomato,21,29,5
2024-04-20,Tomato,10,36,8
2024-04-21,Tomato,12,32,12
2024-04-22,Tomato,24,29,14
2024-04-23,Tomato,10,36,0
2024-04-24,Tomato,8,27,1
2024-04-25,Tomato,17,30,9
2024-04-26,Tomato,10,32,13
2024-04-27,Tomato,22,30,6
2024-04-28,Tomato,9,35,9
2024-04-29,Tomato,9,34,0
2024-04-30,Tomato,15,25,8
2024-05-01,Tomato,18,30,6
2024-05-02,Tomato,17,31,9
2024-05-03,Tomato,10,26,8
2024-05-04,Tomato,20,36,9
2024-05-05,Tomato,14,33,3
2024-05-06,Tomato,20,28,0
2024-05-07,Tomato,15,36,2
2024-05-08,Tomato,22,36,1
2024-05-09,Tomato,9,31,14
2024-05-10,Tomato,24,28,9
2024-05-11,Tomato,13,30,10
2024-05-12,Tomato,12,25,7
2024-05-13,Tomato,19,36,4
2024-05-14,Tomato,14,28,5
2024-05-15,Tomato,20,28,13
2024-05-16,Tomato,22,27,6
2024-05-17,Tomato,15,28,12
2024-05-18,Tomato,17,27,0
2024-05-19,Tomato,12,34,4
2024-05-20,Tomato,16,36,4
2024-05-21,Tomato,8,34,9
2024-05-22,Tomato,8,26,13
2024-05-23,Tomato,23,33,7
2024-05-24,Tomato,20,29,0
2024-05-25,Tomato,23,37,6
2024-05-26,Tomato,12,30,12
2024-05-27,Tomato,10,36,9
2024-05-28,Tomato,23,27,4
2024-05-29,Tomato,21,36,4
2024-05-30,Tomato,22,25,13
2024-05-31,Tomato,21,28,4
2024-06-01,Tomato,19,34,9
2024-06-02,Tomato,23,29,6
2024-06-03,Tomato,11,25,13
2024-06-04,Tomato,12,31,9
2024-06-05,Tomato,17,30,4
2024-06-06,Tomato,11,26,3
2024-06-07,Tomato,17,34,2
2024-06-08,Tomato,8,32,4
2024-06-09,Tomato,20,28,7
2024-06-10,Tomato,23,31,1
2024-06-11,Tomato,24,36,10
2024-06-12,Tomato,19,26,2
2024-06-13,Tomato,8,25,12
2024-06-14,Tomato,18,29,11
2024-06-15,Tomato,10,25,0
2024-06-16,Tomato,15,34,10
2024-06-17,Tomato,19,37,12
2024-06-18,Tomato,19,26,12
2024-06-19,Tomato,10,31,0
2024-06-20,Tomato,15,37,9
2024-06-21,Tomato,17,34,13
2024-06-22,Tomato,9,27,8
2024-06-23,Tomato,14,28,9
2024-06-24,Tomato,20,35,12
2024-06-25,Tomato,11,33,4
2024-06-26,Tomato,11,34,4
2024-06-27,Tomato,16,32,2
2024-06-28,Tomato,24,27,3
2024-06-29,Tomato,24,31,7
2024-06-30,Tomato,12,36,0
2024-07-01,Tomato,20,31,8
2024-07-02,Tomato,10,33,13
2024-07-03,Tomato,24,25,13
2024-07-04,Tomato,23,33,5
2024-07-05,Tomato,20,35,2
2024-07-06,Tomato,24,28,11
2024-07-07,Tomato,16,27,11
2024-07-08,Tomato,16,31,11
2024-07-09,Tomato,21,28,2
2024-07-10,Tomato,22,29,4
2024-07-11,Tomato,10,36,8
2024-07-12,Tomato,11,29,6
2024-07-13,Tomato,23,33,6
2024-07-14,Tomato,20,29,9
2024-07-15,Tomato,14,34,4
2024-07-16,Tomato,10,31,12
2024-07-17,Tomato,18,35,1
2024-07-18,Tomato,22,36,8
2024-07-19,Tomato,17,34,11
2024-07-20,Tomato,24,37,5
2024-07-21,Tomato,14,37,7
2024-07-22,Tomato,17,33,1
2024-07-23,Tomato,9,29,12
2024-07-24,Tomato,12,30,2
2024-07-25,Tomato,15,37,0
2024-07-26,Tomato,24,31,8
2024-07-27,Tomato,20,28,3
2024-07-28,Tomato,13,36,14
2024-07-29,Tomato,19,30,6
2024-07-30,Tomato,17,34,2
2024-07-31,Tomato,14,27,12
2024-08-01,Tomato,20,26,11
2024-08-02,Tomato,15,37,14
2024-08-03,Tomato,16,31,0
2024-08-04,Tomato,10,37,11
2024-08-05,Tomato,24,33,7
2024-08-06,Tomato,8,30,4
2024-08-07,Tomato,13,34,11
2024-08-08,Tomato,20,37,12
2024-08-09,Tomato,22,29,5
2024-08-10,Tomato,18,36,4
2024-08-11,Tomato,11,27,2
2024-08-12,Tomato,22,33,0
2024-08-13,Tomato,21,25,4
2024-08-14,Tomato,10,31,8
2024-08-15,Tomato,18,36,9
2024-08-16,Tomato,23,32,5
2024-08-17,Tomato,19,32,11
2024-08-18,Tomato,15,34,11
2024-08-19,Tomato,11,34,7
2024-08-20,Tomato,12,33,3
2024-08-21,Tomato,24,33,0
2024-08-22,Tomato,20,36,12
2024-08-23,Tomato,20,27,12
2024-08-24,Tomato,13,26,2
2024-08-25,Tomato,12,33,1
2024-08-26,Tomato,17,32,13
2024-08-27,Tomato,20,29,6
2024-08-28,Tomato,8,30,0
2024-08-29,Tomato,22,25,10
2024-08-30,Tomato,24,37,0
2024-08-31,Tomato,9,33,2
2024-09-01,Tomato,8,29,6
2024-09-02,Tomato,13,36,0
2024-09-03,Tomato,12,29,5
2024-09-04,Tomato,10,29,6
2024-09-05,Tomato,12,29,4
2024-09-06,Tomato,17,34,2
2024-09-07,Tomato,24,29,13
2024-09-08,Tomato,16,25,2
2024-09-09,Tomato,20,37,3
2024-09-10,Tomato,8,25,7
2024-09-11,Tomato,9,36,14
2024-09-12,Tomato,15,31,9
2024-09-13,Tomato,9,30,5
2024-09-14,Tomato,10,35,1
2024-09-15,Tomato,19,25,5
2024-09-16,Tomato,19,29,13
2024-09-17,Tomato,24,31,14
2024-09-18,Tomato,12,29,13
2024-09-19,Tomato,9,35,2
2024-09-20,Tomato,14,30,11
2024-09-21,Tomato,9,30,1
2024-09-22,Tomato,9,26,13
2024-09-23,Tomato,22,35,2
2024-09-24,Tomato,9,28,8
2024-09-25,Tomato,13,25,7
2024-09-26,Tomato,22,36,13
2024-09-27,Tomato,17,27,0
2024-09-28,Tomato,12,37,3
2024-09-29,Tomato,17,32,0
2024-09-30,Tomato,17,25,11
2024-10-01,Tomato,12,26,5
2024-10-02,Tomato,9,37,13
2024-10-03,Tomato,18,35,10
2024-10-04,Tomato,22,33,6
2024-10-05,Tomato,23,35,5
2024-10-06,Tomato,23,32,3
2024-10-07,Tomato,15,28,7
2024-10-08,Tomato,10,27,10
2024-10-09,Tomato,12,26,11
2024-10-10,Tomato,17,37,5
2024-10-11,Tomato,13,25,4
2024-10-12,Tomato,16,36,9
2024-10-13,Tomato,21,26,0
2024-10-14,Tomato,21,34,12
2024-10-15,Tomato,16,34,8
2024-10-16,Tomato,22,33,5
2024-10-17,Tomato,22,32,13
2024-10-18,Tomato,18,37,0
2024-10-19,Tomato,11,25,7
2024-10-20,Tomato,24,27,12
2024-10-21,Tomato,22,32,5
2024-10-22,Tomato,21,34,11
2024-10-23,Tomato,21,32,1
2024-10-24,Tomato,20,34,13
2024-10-25,Tomato,14,27,14
2024-10-26,Tomato,21,35,14
2024-10-27,Tomato,20,26,9
2024-10-28,Tomato,13,27,2
2024-10-29,Tomato,22,33,6
2024-10-30,Tomato,12,36,9
2024-10-31,Tomato,14,33,0
2024-11-01,Tomato,14,30,9
2024-11-02,Tomato,19,33,0
2024-11-03,Tomato,20,28,8
2024-11-04,Tomato,11,34,2
2024-11-05,Tomato,16,37,1
2024-11-06,Tomato,22,28,14
2024-11-07,Tomato,9,32,7
2024-11-08,Tomato,24,36,2
2024-11-09,Tomato,17,33,4
2024-11-10,Tomato,13,28,9
2024-11-11,Tomato,9,35,7
2024-11-12,Tomato,20,30,4
2024-11-13,Tomato,8,29,5
2024-11-14,Tomato,13,30,6
2024-11-15,Tomato,23,28,13
2024-11-16,Tomato,18,32,6
2024-11-17,Tomato,16,31,2
2024-11-18,Tomato,15,29,3
2024-11-19,Tomato,13,26,3
2024-11-20,Tomato,18,28,14
2024-11-21,Tomato,13,30,0
2024-11-22,Tomato,13,27,13
2024-11-23,Tomato,9,35,7
2024-11-24,Tomato,20,36,4
2024-11-25,Tomato,13,34,5
2024-11-26,Tomato,11,27,3
2024-11-27,Tomato,8,28,0
2024-11-28,Tomato,19,25,9
2024-11-29,Tomato,21,30,4
2024-11-30,Tomato,18,28,12
2024-12-01,Tomato,18,27,0
2024-12-02,Tomato,13,26,7
2024-12-03,Tomato,17,29,6
2024-12-04,Tomato,17,36,1
2024-12-05,Tomato,20,32,1
2024-12-06,Tomato,8,29,8
2024-12-07,Tomato,24,33,10
2024-12-08,Tomato,22,32,5
2024-12-09,Tomato,10,25,4
2024-12-10,Tomato,19,26,13
2024-12-11,Tomato,18,33,1
2024-12-12,Tomato,19,27,2
2024-12-13,Tomato,8,32,5
2024-12-14,Tomato,15,35,8
2024-12-15,Tomato,12,36,13
2024-12-16,Tomato,10,29,4
2024-12-17,Tomato,12,27,10
2024-12-18,Tomato,21,34,13
2024-12-19,Tomato,11,33,12
2024-12-20,Tomato,17,33,1
2024-12-21,Tomato,15,32,6
2024-12-22,Tomato,15,27,12
2024-12-23,Tomato,13,25,6
2024-12-24,Tomato,22,25,8
2024-12-25,Tomato,24,25,14
2024-12-26,Tomato,9,29,7
2024-12-27,Tomato,15,27,6
2024-12-28,Tomato,13,30,2
2024-12-29,Tomato,14,27,7
2024-12-30,Tomato,17,28,14
2024-01-01,Potato,26,37,0
2024-01-02,Potato,18,35,3
2024-01-03,Potato,17,33,0
2024-01-04,Potato,16,35,6
2024-01-05,Potato,12,28,5
2024-01-06,Potato,13,34,4
2024-01-07,Potato,21,25,5
2024-01-08,Potato,17,37,14
2024-01-09,Potato,26,28,12
2024-01-10,Potato,26,37,7
2024-01-11,Potato,16,37,14
2024-01-12,Potato,15,36,12
2024-01-13,Potato,13,35,14
2024-01-14,Potato,15,28,9
2024-01-15,Potato,22,35,4
2024-01-16,Potato,22,34,7
2024-01-17,Potato,17,30,7
2024-01-18,Potato,26,34,13
2024-01-19,Potato,22,36,9
2024-01-20,Potato,24,32,13
2024-01-21,Potato,29,33,0
2024-01-22,Potato,26,32,11
2024-01-23,Potato,22,36,11
2024-01-24,Potato,15,28,4
2024-01-25,Potato,16,32,14
2024-01-26,Potato,21,25,11
2024-01-27,Potato,20,30,2
2024-01-28,Potato,25,32,8
2024-01-29,Potato,22,31,0
2024-01-30,Potato,25,29,4
2024-01-31,Potato,25,28,5
2024-02-01,Potato,12,30,6
2024-02-02,Potato,19,29,14
2024-02-03,Potato,20,29,8
2024-02-04,Potato,21,28,8
2024-02-05,Potato,20,27,14
2024-02-06,Potato,22,30,1
2024-02-07,Potato,18,26,10
2024-02-08,Potato,13,35,0
2024-02-09,Potato,22,35,11
2024-02-10,Potato,18,28,5
2024-02-11,Potato,12,25,12
2024-02-12,Potato,22,30,9
2024-02-13,Potato,29,29,0
2024-02-14,Potato,18,25,3
2024-02-15,Potato,20,25,3
2024-02-16,Potato,19,25,6
2024-02-17,Potato,12,37,13
2024-02-18,Potato,28,37,12
2024-02-19,Potato,27,32,2
2024-02-20,Potato,29,25,13
2024-02-21,Potato,26,26,1
2024-02-22,Potato,28,26,13
2024-02-23,Potato,17,27,14
2024-02-24,Potato,15,25,7
2024-02-25,Potato,18,27,9
2024-02-26,Potato,21,27,13
2024-02-27,Potato,13,36,0
2024-02-28,Potato,29,31,12
2024-02-29,Potato,19,25,8
2024-03-01,Potato,14,32,6
2024-03-02,Potato,19,30,8
2024-03-03,Potato,26,29,2
2024-03-04,Potato,12,36,14
2024-03-05,Potato,19,26,2
2024-03-06,Potato,25,32,13
2024-03-07,Potato,22,28,3
2024-03-08,Potato,16,30,4
2024-03-09,Potato,25,31,1
2024-03-10,Potato,18,34,6
2024-03-11,Potato,12,31,4
2024-03-12,Potato,27,37,2
2024-03-13,Potato,15,37,11
2024-03-14,Potato,29,26,0
2024-03-15,Potato,26,29,3
2024-03-16,Potato,22,34,14
2024-03-17,Potato,13,27,6
2024-03-18,Potato,23,28,4
2024-03-19,Potato,16,30,13
2024-03-20,Potato,20,26,4
2024-03-21,Potato,23,27,3
2024-03-22,Potato,23,32,0
2024-03-23,Potato,21,32,10
2024-03-24,Potato,25,31,0
2024-03-25,Potato,29,27,0
2024-03-26,Potato,25,33,7
2024-03-27,Potato,13,37,8
2024-03-28,Potato,18,33,5
2024-03-29,Potato,22,28,9
2024-03-30,Potato,24,26,6
2024-03-31,Potato,16,35,5
2024-04-01,Potato,29,29,9
2024-04-02,Potato,15,33,5
2024-04-03,Potato,13,25,4
2024-04-04,Potato,17,34,11
2024-04-05,Potato,21,30,4
2024-04-06,Potato,17,35,7
2024-04-07,Potato,13,36,12
2024-04-08,Potato,18,34,12
2024-04-09,Potato,28,34,4
2024-04-10,Potato,25,26,11
2024-04-11,Potato,22,25,2
2024-04-12,Potato,15,27,9
2024-04-13,Potato,22,32,10
2024-04-14,Potato,15,25,10
2024-04-15,Potato,18,32,2
2024-04-16,Potato,13,31,14
2024-04-17,Potato,16,32,0
2024-04-18,Potato,15,28,2
2024-04-19,Potato,14,28,10
2024-04-20,Potato,28,35,12
2024-04-21,Potato,22,26,8
2024-04-22,Potato,13,29,8
2024-04-23,Potato,20,32,0
2024-04-24,Potato,12,33,12
2024-04-25,Potato,22,32,9
2024-04-26,Potato,18,27,2
2024-04-27,Potato,29,29,11
2024-04-28,Potato,23,27,13
2024-04-29,Potato,17,26,11
2024-04-30,Potato,16,36,10
2024-05-01,Potato,28,37,0
2024-05-02,Potato,21,33,6
2024-05-03,Potato,28,36,13
2024-05-04,Potato,27,32,2
2024-05-05,Potato,19,29,0
2024-05-06,Potato,16,30,5
2024-05-07,Potato,19,33,1
2024-05-08,Potato,23,35,9
2024-05-09,Potato,20,37,9
2024-05-10,Potato,26,34,6
2024-05-11,Potato,28,31,9
2024-05-12,Potato,18,29,6
2024-05-13,Potato,20,27,7
2024-05-14,Potato,29,35,6
2024-05-15,Potato,29,28,6
2024-05-16,Potato,14,26,10
2024-05-17,Potato,21,31,0
2024-05-18,Potato,25,32,2
2024-05-19,Potato,23,36,12
2024-05-20,Potato,13,27,4
2024-05-21,Potato,22,32,9
2024-05-22,Potato,23,31,14
2024-05-23,Potato,28,28,12
2024-05-24,Potato,24,26,0
2024-05-25,Potato,27,37,9
2024-05-26,Potato,23,26,6
2024-05-27,Potato,14,34,1
2024-05-28,Potato,24,37,1
2024-05-29,Potato,14,35,6
2024-05-30,Potato,25,28,12
2024-05-31,Potato,28,37,13
2024-06-01,Potato,23,33,7
2024-06-02,Potato,23,33,9
2024-06-03,Potato,18,28,4
2024-06-04,Potato,12,25,2
2024-06-05,Potato,24,32,13
2024-06-06,Potato,29,28,1
2024-06-07,Potato,16,33,0
2024-06-08,Potato,25,33,14
2024-06-09,Potato,28,33,7
2024-06-10,Potato,15,36,10
2024-06-11,Potato,16,37,4
2024-06-12,Potato,22,36,5
2024-06-13,Potato,18,32,14
2024-06-14,Potato,25,32,10
2024-06-15,Potato,24,26,8
2024-06-16,Potato,18,28,3
2024-06-17,Potato,19,28,12
2024-06-18,Potato,24,34,10
2024-06-19,Potato,13,33,9
2024-06-20,Potato,20,25,9
2024-06-21,Potato,14,32,5
2024-06-22,Potato,16,29,5
2024-06-23,Potato,26,31,0
2024-06-24,Potato,20,27,3
2024-06-25,Potato,28,37,10
2024-06-26,Potato,21,27,1
2024-06-27,Potato,29,25,7
2024-06-28,Potato,14,27,5
2024-06-29,Potato,24,32,12
2024-06-30,Potato,26,33,8
2024-07-01,Potato,15,29,1
2024-07-02,Potato,22,33,7
2024-07-03,Potato,14,35,11
2024-07-04,Potato,20,27,8
2024-07-05,Potato,13,36,9
2024-07-06,Potato,20,32,8
2024-07-07,Potato,16,35,10
2024-07-08,Potato,13,32,11
2024-07-09,Potato,26,30,7
2024-07-10,Potato,16,34,1
2024-07-11,Potato,17,29,11
2024-07-12,Potato,27,37,11
2024-07-13,Potato,16,37,0
2024-07-14,Potato,29,32,12
2024-07-15,Potato,14,32,7
2024-07-16,Potato,13,32,10
2024-07-17,Potato,24,37,0
2024-07-18,Potato,17,32,2
2024-07-19,Potato,27,32,11
2024-07-20,Potato,12,35,10
2024-07-21,Potato,27,33,12
2024-07-22,Potato,22,37,8
2024-07-23,Potato,21,28,14
2024-07-24,Potato,17,36,6
2024-07-25,Potato,16,35,12
2024-07-26,Potato,21,34,10
2024-07-27,Potato,18,26,3
2024-07-28,Potato,13,37,12
2024-07-29,Potato,23,31,1
2024-07-30,Potato,24,35,0
2024-07-31,Potato,20,25,7
2024-08-01,Potato,13,36,7
2024-08-02,Potato,24,27,5
2024-08-03,Potato,18,34,8
2024-08-04,Potato,13,36,11
2024-08-05,Potato,26,29,12
2024-08-06,Potato,15,28,3
2024-08-07,Potato,29,28,10
2024-08-08,Potato,28,36,5
2024-08-09,Potato,28,34,5
2024-08-10,Potato,12,30,9
2024-08-11,Potato,29,26,13
2024-08-12,Potato,26,37,11
2024-08-13,Potato,15,35,2
2024-08-14,Potato,23,31,12
2024-08-15,Potato,22,25,5
2024-08-16,Potato,26,27,10
2024-08-17,Potato,13,26,12
2024-08-18,Potato,15,25,2
2024-08-19,Potato,24,33,6
2024-08-20,Potato,26,31,12
2024-08-21,Potato,22,28,1
2024-08-22,Potato,26,28,5
2024-08-23,Potato,22,35,2
2024-08-24,Potato,28,36,7
2024-08-25,Potato,26,29,10
2024-08-26,Potato,17,27,8
2024-08-27,Potato,16,27,10
2024-08-28,Potato,12,34,11
2024-08-29,Potato,17,26,12
2024-08-30,Potato,14,25,8
2024-08-31,Potato,23,26,14
2024-09-01,Potato,23,35,7
2024-09-02,Potato,25,33,0
2024-09-03,Potato,19,35,13
2024-09-04,Potato,29,28,6
2024-09-05,Potato,14,37,11
2024-09-06,Potato,14,28,13
2024-09-07,Potato,26,33,13
2024-09-08,Potato,25,31,0
2024-09-09,Potato,23,28,3
2024-09-10,Potato,20,30,8
2024-09-11,Potato,13,32,7
2024-09-12,Potato,22,37,0
2024-09-13,Potato,19,29,1
2024-09-14,Potato,29,30,10
2024-09-15,Potato,24,33,0
2024-09-16,Potato,17,33,7
2024-09-17,Potato,22,30,2
2024-09-18,Potato,20,25,11
2024-09-19,Potato,25,30,5
2024-09-20,Potato,12,34,7
2024-09-21,Potato,29,36,0
2024-09-22,Potato,13,25,0
2024-09-23,Potato,20,37,13
2024-09-24,Potato,12,37,3
2024-09-25,Potato,18,26,5
2024-09-26,Potato,18,34,13
2024-09-27,Potato,29,26,9
2024-09-28,Potato,23,25,7
2024-09-29,Potato,22,37,2
2024-09-30,Potato,17,33,5
2024-10-01,Potato,20,31,14
2024-10-02,Potato,20,26,11
2024-10-03,Potato,19,32,1
2024-10-04,Potato,26,35,14
2024-10-05,Potato,18,35,3
2024-10-06,Potato,27,28,5
2024-10-07,Potato,14,33,11
2024-10-08,Potato,21,35,1
2024-10-09,Potato,23,31,11
2024-10-10,Potato,24,33,12
2024-10-11,Potato,25,28,12
2024-10-12,Potato,19,37,6
2024-10-13,Potato,23,26,5
2024-10-14,Potato,29,27,5
2024-10-15,Potato,16,32,8
2024-10-16,Potato,14,36,9
2024-10-17,Potato,14,37,12
2024-10-18,Potato,26,25,6
2024-10-19,Potato,23,25,13
2024-10-20,Potato,16,28,11
2024-10-21,Potato,23,28,11
2024-10-22,Potato,29,25,2
2024-10-23,Potato,20,28,9
2024-10-24,Potato,13,28,1
2024-10-25,Potato,26,26,3
2024-10-26,Potato,17,31,9
2024-10-27,Potato,23,27,12
2024-10-28,Potato,29,32,4
2024-10-29,Potato,26,25,2
2024-10-30,Potato,19,28,13
2024-10-31,Potato,21,36,13
2024-11-01,Potato,25,26,6
2024-11-02,Potato,16,29,5
2024-11-03,Potato,24,33,13
2024-11-04,Potato,26,32,6
2024-11-05,Potato,13,31,5
2024-11-06,Potato,28,35,8
2024-11-07,Potato,13,27,4
2024-11-08,Potato,16,25,7
2024-11-09,Potato,23,32,3
2024-11-10,Potato,24,31,14
2024-11-11,Potato,22,34,2
2024-11-12,Potato,25,34,12
2024-11-13,Potato,21,36,13
2024-11-14,Potato,20,25,4
2024-11-15,Potato,19,35,11
2024-11-16,Potato,12,33,5
2024-11-17,Potato,22,29,14
2024-11-18,Potato,16,36,4
2024-11-19,Potato,28,25,7
2024-11-20,Potato,23,32,11
2024-11-21,Potato,26,30,11
2024-11-22,Potato,29,26,8
2024-11-23,Potato,16,28,9
2024-11-24,Potato,12,31,2
2024-11-25,Potato,17,29,4
2024-11-26,Potato,16,25,0
2024-11-27,Potato,25,36,9
2024-11-28,Potato,29,32,10
2024-11-29,Potato,22,26,8
2024-11-30,Potato,29,37,8
2024-12-01,Potato,18,32,14
2024-12-02,Potato,22,26,6
2024-12-03,Potato,23,30,3
2024-12-04,Potato,24,28,1
2024-12-05,Potato,21,36,6
2024-12-06,Potato,19,26,4
2024-12-07,Potato,12,31,7
2024-12-08,Potato,17,29,14
2024-12-09,Potato,26,26,0
2024-12-10,Potato,22,34,13
2024-12-11,Potato,29,26,0
2024-12-12,Potato,19,32,0
2024-12-13,Potato,23,35,7
2024-12-14,Potato,25,28,0
2024-12-15,Potato,12,27,14
2024-12-16,Potato,27,29,4
2024-12-17,Potato,20,34,13
2024-12-18,Potato,13,26,5
2024-12-19,Potato,20,25,8
2024-12-20,Potato,27,37,8
2024-12-21,Potato,24,33,10
2024-12-22,Potato,15,26,12
2024-12-23,Potato,17,28,5
2024-12-24,Potato,17,26,1
2024-12-25,Potato,24,33,6
2024-12-26,Potato,24,35,0
2024-12-27,Potato,18,33,4
2024-12-28,Potato,26,25,11
2024-12-29,Potato,18,29,2
2024-12-30,Potato,12,25,0
2024-01-01,Pulses,94,36,5
2024-01-02,Pulses,85,35,2
2024-01-03,Pulses,67,34,1
2024-01-04,Pulses,68,27,4
2024-01-05,Pulses,85,32,1
2024-01-06,Pulses,65,36,4
2024-01-07,Pulses,88,34,8
2024-01-08,Pulses,71,29,1
2024-01-09,Pulses,96,36,3
2024-01-10,Pulses,74,35,6
2024-01-11,Pulses,65,26,11
2024-01-12,Pulses,80,31,10
2024-01-13,Pulses,75,29,11
2024-01-14,Pulses,74,33,3
2024-01-15,Pulses,70,27,14
2024-01-16,Pulses,63,29,12
2024-01-17,Pulses,81,27,1
2024-01-18,Pulses,73,37,3
2024-01-19,Pulses,86,37,14
2024-01-20,Pulses,87,27,7
2024-01-21,Pulses,75,34,3
2024-01-22,Pulses,89,26,1
2024-01-23,Pulses,72,28,9
2024-01-24,Pulses,84,35,6
2024-01-25,Pulses,90,36,9
2024-01-26,Pulses,98,37,14
2024-01-27,Pulses,66,32,0
2024-01-28,Pulses,95,28,3
2024-01-29,Pulses,66,30,0
2024-01-30,Pulses,72,31,5
2024-01-31,Pulses,80,30,11
2024-02-01,Pulses,68,34,8
2024-02-02,Pulses,74,34,7
2024-02-03,Pulses,67,32,0
2024-02-04,Pulses,85,35,4
2024-02-05,Pulses,63,26,7
2024-02-06,Pulses,78,28,11
2024-02-07,Pulses,98,34,8
2024-02-08,Pulses,77,27,3
2024-02-09,Pulses,69,25,6
2024-02-10,Pulses,64,25,2
2024-02-11,Pulses,93,25,6
2024-02-12,Pulses,80,25,5
2024-02-13,Pulses,96,27,11
2024-02-14,Pulses,66,35,9
2024-02-15,Pulses,68,37,12
2024-02-16,Pulses,84,26,2
2024-02-17,Pulses,66,29,1
2024-02-18,Pulses,62,34,5
2024-02-19,Pulses,98,33,0
2024-02-20,Pulses,70,31,7
2024-02-21,Pulses,78,28,9
2024-02-22,Pulses,97,34,6
2024-02-23,Pulses,95,32,4
2024-02-24,Pulses,92,28,2
2024-02-25,Pulses,68,32,0
2024-02-26,Pulses,65,33,6
2024-02-27,Pulses,63,37,0
2024-02-28,Pulses,61,36,4
2024-02-29,Pulses,86,29,7
2024-03-01,Pulses,97,32,1
2024-03-02,Pulses,62,30,11
2024-03-03,Pulses,62,30,5
2024-03-04,Pulses,61,31,11
2024-03-05,Pulses,61,30,0
2024-03-06,Pulses,94,26,6
2024-03-07,Pulses,89,28,7
2024-03-08,Pulses,81,36,9
2024-03-09,Pulses,95,29,12
2024-03-10,Pulses,88,33,6
2024-03-11,Pulses,75,34,13
2024-03-12,Pulses,89,33,6
2024-03-13,Pulses,75,36,0
2024-03-14,Pulses,75,36,7
2024-03-15,Pulses,79,27,13
2024-03-16,Pulses,82,36,2
2024-03-17,Pulses,99,30,4
2024-03-18,Pulses,79,32,7
2024-03-19,Pulses,60,33,13
2024-03-20,Pulses,80,28,5
2024-03-21,Pulses,81,26,7
2024-03-22,Pulses,98,25,4
2024-03-23,Pulses,75,36,5
2024-03-24,Pulses,93,37,13
2024-03-25,Pulses,95,25,6
2024-03-26,Pulses,61,33,4
2024-03-27,Pulses,61,35,8
2024-03-28,Pulses,68,25,10
2024-03-29,Pulses,62,28,13
2024-03-30,Pulses,82,34,3
2024-03-31,Pulses,77,31,5
2024-04-01,Pulses,94,30,10
2024-04-02,Pulses,74,30,11
2024-04-03,Pulses,96,28,9
2024-04-04,Pulses,71,25,9
2024-04-05,Pulses,97,26,12
2024-04-06,Pulses,94,32,9
2024-04-07,Pulses,89,30,2
2024-04-08,Pulses,75,31,3
2024-04-09,Pulses,73,33,14
2024-04-10,Pulses,80,27,1
2024-04-11,Pulses,86,26,2
2024-04-12,Pulses,77,28,1
2024-04-13,Pulses,69,33,1
2024-04-14,Pulses,84,37,5
2024-04-15,Pulses,92,28,14
2024-04-16,Pulses,73,25,13
2024-04-17,Pulses,75,30,13
2024-04-18,Pulses,62,27,8
2024-04-19,Pulses,65,33,12
2024-04-20,Pulses,93,32,4
2024-04-21,Pulses,93,28,8
2024-04-22,Pulses,74,28,12
2024-04-23,Pulses,71,36,12
2024-04-24,Pulses,90,28,1
2024-04-25,Pulses,88,36,14
2024-04-26,Pulses,65,37,10
2024-04-27,Pulses,61,36,6
2024-04-28,Pulses,78,27,4
2024-04-29,Pulses,78,26,9
2024-04-30,Pulses,84,26,13
2024-05-01,Pulses,70,26,12
2024-05-02,Pulses,90,32,14
2024-05-03,Pulses,68,31,2
2024-05-04,Pulses,68,27,4
2024-05-05,Pulses,68,36,13
2024-05-06,Pulses,66,36,0
2024-05-07,Pulses,63,28,6
2024-05-08,Pulses,99,25,4
2024-05-09,Pulses,98,36,3
2024-05-10,Pulses,88,28,3
2024-05-11,Pulses,97,31,1
2024-05-12,Pulses,96,28,14
2024-05-13,Pulses,94,31,10
2024-05-14,Pulses,87,30,13
2024-05-15,Pulses,66,29,12
2024-05-16,Pulses,81,29,13
2024-05-17,Pulses,61,35,4
2024-05-18,Pulses,97,29,9
2024-05-19,Pulses,82,34,7
2024-05-20,Pulses,98,29,0
2024-05-21,Pulses,72,29,9
2024-05-22,Pulses,80,29,1
2024-05-23,Pulses,96,37,3
2024-05-24,Pulses,76,27,0
2024-05-25,Pulses,70,29,3
2024-05-26,Pulses,85,28,1
2024-05-27,Pulses,77,32,2
2024-05-28,Pulses,88,28,12
2024-05-29,Pulses,97,34,4
2024-05-30,Pulses,72,25,8
2024-05-31,Pulses,76,32,8
2024-06-01,Pulses,60,26,11
2024-06-02,Pulses,88,25,9
2024-06-03,Pulses,99,29,11
2024-06-04,Pulses,70,31,1
2024-06-05,Pulses,67,35,5
2024-06-06,Pulses,67,25,14
2024-06-07,Pulses,76,36,6
2024-06-08,Pulses,83,37,2
2024-06-09,Pulses,64,36,0
2024-06-10,Pulses,82,29,7
2024-06-11,Pulses,72,32,8
2024-06-12,Pulses,82,35,0
2024-06-13,Pulses,83,27,7
2024-06-14,Pulses,76,29,3
2024-06-15,Pulses,80,32,9
2024-06-16,Pulses,90,28,10
2024-06-17,Pulses,74,27,6
2024-06-18,Pulses,87,27,10
2024-06-19,Pulses,64,29,13
2024-06-20,Pulses,91,32,9
2024-06-21,Pulses,97,36,0
2024-06-22,Pulses,90,32,7
2024-06-23,Pulses,84,33,1
2024-06-24,Pulses,74,26,2
2024-06-25,Pulses,95,28,13
2024-06-26,Pulses,84,34,6
2024-06-27,Pulses,69,29,3
2024-06-28,Pulses,71,35,7
2024-06-29,Pulses,61,30,12
2024-06-30,Pulses,91,36,1
2024-07-01,Pulses,70,34,14
2024-07-02,Pulses,76,32,1
2024-07-03,Pulses,68,33,7
2024-07-04,Pulses,73,36,9
2024-07-05,Pulses,84,26,5
2024-07-06,Pulses,89,28,4
2024-07-07,Pulses,91,27,13
2024-07-08,Pulses,80,27,9
2024-07-09,Pulses,91,31,6
2024-07-10,Pulses,71,33,14
2024-07-11,Pulses,77,29,12
2024-07-12,Pulses,80,32,13
2024-07-13,Pulses,99,31,6
2024-07-14,Pulses,91,35,5
2024-07-15,Pulses,81,35,8
2024-07-16,Pulses,81,36,12
2024-07-17,Pulses,72,26,1
2024-07-18,Pulses,88,29,14
2024-07-19,Pulses,86,26,14
2024-07-20,Pulses,74,27,6
2024-07-21,Pulses,83,36,12
2024-07-22,Pulses,81,35,4
2024-07-23,Pulses,92,32,2
2024-07-24,Pulses,78,31,12
2024-07-25,Pulses,89,31,11
2024-07-26,Pulses,84,29,14
2024-07-27,Pulses,67,34,9
2024-07-28,Pulses,75,32,0
2024-07-29,Pulses,64,27,0
2024-07-30,Pulses,63,32,2
2024-07-31,Pulses,91,34,1
2024-08-01,Pulses,84,34,4
2024-08-02,Pulses,98,35,10
2024-08-03,Pulses,61,33,12
2024-08-04,Pulses,68,28,3
2024-08-05,Pulses,81,34,9
2024-08-06,Pulses,71,25,13
2024-08-07,Pulses,73,33,1
2024-08-08,Pulses,79,35,2
2024-08-09,Pulses,90,31,5
2024-08-10,Pulses,78,29,9
2024-08-11,Pulses,63,37,3
2024-08-12,Pulses,79,34,7
2024-08-13,Pulses,94,34,4
2024-08-14,Pulses,97,29,5
2024-08-15,Pulses,99,31,4
2024-08-16,Pulses,69,30,13
2024-08-17,Pulses,63,36,8
2024-08-18,Pulses,79,25,6
2024-08-19,Pulses,66,28,12
2024-08-20,Pulses,73,27,7
2024-08-21,Pulses,96,34,6
2024-08-22,Pulses,63,32,13
2024-08-23,Pulses,83,26,13
2024-08-24,Pulses,77,27,14
2024-08-25,Pulses,78,25,14
2024-08-26,Pulses,78,30,7
2024-08-27,Pulses,71,34,5
2024-08-28,Pulses,90,28,2
2024-08-29,Pulses,95,31,0
2024-08-30,Pulses,92,26,14
2024-08-31,Pulses,87,35,14
2024-09-01,Pulses,70,33,11
2024-09-02,Pulses,92,25,5
2024-09-03,Pulses,63,28,14
2024-09-04,Pulses,86,30,14
2024-09-05,Pulses,73,36,10
2024-09-06,Pulses,98,33,9
2024-09-07,Pulses,75,29,8
2024-09-08,Pulses,69,26,2
2024-09-09,Pulses,72,35,0
2024-09-10,Pulses,89,30,12
2024-09-11,Pulses,65,25,10
2024-09-12,Pulses,78,34,2
2024-09-13,Pulses,85,27,4
2024-09-14,Pulses,88,29,3
2024-09-15,Pulses,80,34,4
2024-09-16,Pulses,95,30,9
2024-09-17,Pulses,63,31,6
2024-09-18,Pulses,94,25,7
2024-09-19,Pulses,95,30,8
2024-09-20,Pulses,90,28,7
2024-09-21,Pulses,84,28,4
2024-09-22,Pulses,89,32,11
2024-09-23,Pulses,89,30,11
2024-09-24,Pulses,66,27,6
2024-09-25,Pulses,87,32,9
2024-09-26,Pulses,75,30,14
2024-09-27,Pulses,84,37,5
2024-09-28,Pulses,68,37,3
2024-09-29,Pulses,79,26,9
2024-09-30,Pulses,80,28,1
2024-10-01,Pulses,92,35,6
2024-10-02,Pulses,65,26,7
2024-10-03,Pulses,70,28,7
2024-10-04,Pulses,74,31,4
2024-10-05,Pulses,85,36,7
2024-10-06,Pulses,73,33,4
2024-10-07,Pulses,80,26,4
2024-10-08,Pulses,62,31,9
2024-10-09,Pulses,96,32,0
2024-10-10,Pulses,78,27,8
2024-10-11,Pulses,80,36,8
2024-10-12,Pulses,92,26,4
2024-10-13,Pulses,63,34,8
2024-10-14,Pulses,66,30,6
2024-10-15,Pulses,92,25,7
2024-10-16,Pulses,93,36,9
2024-10-17,Pulses,98,30,0
2024-10-18,Pulses,76,26,5
2024-10-19,Pulses,65,26,0
2024-10-20,Pulses,69,29,4
2024-10-21,Pulses,61,30,8
2024-10-22,Pulses,61,34,1
2024-10-23,Pulses,75,27,12
2024-10-24,Pulses,98,30,11
2024-10-25,Pulses,83,32,5
2024-10-26,Pulses,69,27,2
2024-10-27,Pulses,91,31,4
2024-10-28,Pulses,79,34,14
2024-10-29,Pulses,63,28,5
2024-10-30,Pulses,74,32,7
2024-10-31,Pulses,80,30,3
2024-11-01,Pulses,87,35,12
2024-11-02,Pulses,99,34,11
2024-11-03,Pulses,85,25,14
2024-11-04,Pulses,61,33,7
2024-11-05,Pulses,62,32,11
2024-11-06,Pulses,92,34,3
2024-11-07,Pulses,94,30,6
2024-11-08,Pulses,82,33,10
2024-11-09,Pulses,78,29,2
2024-11-10,Pulses,70,32,11
2024-11-11,Pulses,69,32,7
2024-11-12,Pulses,87,33,3
2024-11-13,Pulses,96,29,7
2024-11-14,Pulses,68,32,1
2024-11-15,Pulses,79,30,11
2024-11-16,Pulses,61,31,2
2024-11-17,Pulses,62,35,1
2024-11-18,Pulses,99,30,0
2024-11-19,Pulses,87,25,6
2024-11-20,Pulses,67,29,11
2024-11-21,Pulses,96,28,13
2024-11-22,Pulses,65,30,2
2024-11-23,Pulses,91,33,11
2024-11-24,Pulses,70,31,0
2024-11-25,Pulses,80,37,1
2024-11-26,Pulses,63,36,5
2024-11-27,Pulses,90,35,6
2024-11-28,Pulses,86,29,8
2024-11-29,Pulses,62,25,3
2024-11-30,Pulses,84,28,1
2024-12-01,Pulses,85,29,2
2024-12-02,Pulses,87,37,8
2024-12-03,Pulses,97,26,5
2024-12-04,Pulses,78,36,11
2024-12-05,Pulses,70,26,14
2024-12-06,Pulses,68,29,7
2024-12-07,Pulses,93,30,2
2024-12-08,Pulses,71,36,13
2024-12-09,Pulses,85,29,11
2024-12-10,Pulses,85,25,4
2024-12-11,Pulses,94,28,1
2024-12-12,Pulses,77,34,10
2024-12-13,Pulses,82,30,0
2024-12-14,Pulses,64,36,10
2024-12-15,Pulses,89,35,2
2024-12-16,Pulses,92,28,12
2024-12-17,Pulses,75,26,1
2024-12-18,Pulses,94,32,7
2024-12-19,Pulses,87,31,5
2024-12-20,Pulses,68,28,11
2024-12-21,Pulses,60,32,6
2024-12-22,Pulses,82,27,3
2024-12-23,Pulses,84,30,14
2024-12-24,Pulses,80,27,8
2024-12-25,Pulses,73,28,11
2024-12-26,Pulses,76,31,8
2024-12-27,Pulses,94,36,12
2024-12-28,Pulses,74,26,2
2024-12-29,Pulses,92,30,10
2024-12-30,Pulses,86,31,10
2024-01-01,Onion,11,32,13
2024-01-02,Onion,15,28,4
2024-01-03,Onion,17,27,2
2024-01-04,Onion,13,25,8
2024-01-05,Onion,17,32,13
2024-01-06,Onion,19,30,6
2024-01-07,Onion,15,33,2
2024-01-08,Onion,12,27,9
2024-01-09,Onion,12,33,11
2024-01-10,Onion,13,37,6
2024-01-11,Onion,18,35,11
2024-01-12,Onion,16,33,11
2024-01-13,Onion,12,28,13
2024-01-14,Onion,17,30,4
2024-01-15,Onion,13,32,0
2024-01-16,Onion,18,25,7
2024-01-17,Onion,13,33,13
2024-01-18,Onion,14,27,8
2024-01-19,Onion,18,28,10
2024-01-20,Onion,13,36,7
2024-01-21,Onion,11,33,12
2024-01-22,Onion,15,33,7
2024-01-23,Onion,16,37,13
2024-01-24,Onion,10,36,2
2024-01-25,Onion,11,29,14
2024-01-26,Onion,14,29,3
2024-01-27,Onion,14,27,11
2024-01-28,Onion,10,29,12
2024-01-29,Onion,18,37,8
2024-01-30,Onion,13,27,0
2024-01-31,Onion,11,32,0
2024-02-01,Onion,17,37,6
2024-02-02,Onion,17,36,5
2024-02-03,Onion,18,27,9
2024-02-04,Onion,13,37,5
2024-02-05,Onion,17,29,2
2024-02-06,Onion,15,28,8
2024-02-07,Onion,12,28,6
2024-02-08,Onion,16,36,11
2024-02-09,Onion,13,30,11
2024-02-10,Onion,12,30,11
2024-02-11,Onion,11,32,1
2024-02-12,Onion,16,33,0
2024-02-13,Onion,17,31,5
2024-02-14,Onion,15,30,8
2024-02-15,Onion,11,25,12
2024-02-16,Onion,15,34,10
2024-02-17,Onion,17,27,11
2024-02-18,Onion,19,25,8
2024-02-19,Onion,10,27,7
2024-02-20,Onion,12,37,3
2024-02-21,Onion,17,25,12
2024-02-22,Onion,15,25,13
2024-02-23,Onion,10,32,10
2024-02-24,Onion,13,36,0
2024-02-25,Onion,19,31,4
2024-02-26,Onion,14,25,13
2024-02-27,Onion,19,35,5
2024-02-28,Onion,18,33,7
2024-02-29,Onion,14,25,8
2024-03-01,Onion,10,32,4
2024-03-02,Onion,12,35,6
2024-03-03,Onion,16,33,6
2024-03-04,Onion,12,35,12
2024-03-05,Onion,10,32,11
2024-03-06,Onion,12,36,7
2024-03-07,Onion,17,37,4
2024-03-08,Onion,10,37,9
2024-03-09,Onion,16,36,9
2024-03-10,Onion,14,32,8
2024-03-11,Onion,16,37,14
2024-03-12,Onion,16,25,14
2024-03-13,Onion,13,26,1
2024-03-14,Onion,11,28,13
2024-03-15,Onion,10,28,1
2024-03-16,Onion,14,27,14
2024-03-17,Onion,17,28,0
2024-03-18,Onion,10,36,9
2024-03-19,Onion,12,33,6
2024-03-20,Onion,11,37,8
2024-03-21,Onion,19,26,2
2024-03-22,Onion,19,26,2
2024-03-23,Onion,15,33,8
2024-03-24,Onion,16,36,2
2024-03-25,Onion,13,30,10
2024-03-26,Onion,14,26,12
2024-03-27,Onion,15,27,13
2024-03-28,Onion,17,26,0
2024-03-29,Onion,18,36,2
2024-03-30,Onion,10,31,12
2024-03-31,Onion,19,29,4
2024-04-01,Onion,10,33,6
2024-04-02,Onion,17,33,5
2024-04-03,Onion,14,30,10
2024-04-04,Onion,11,28,2
2024-04-05,Onion,16,33,4
2024-04-06,Onion,15,34,13
2024-04-07,Onion,11,27,2
2024-04-08,Onion,18,31,7
2024-04-09,Onion,19,35,8
2024-04-10,Onion,15,28,11
2024-04-11,Onion,10,32,6
2024-04-12,Onion,11,32,11
2024-04-13,Onion,14,31,3
2024-04-14,Onion,14,32,0
2024-04-15,Onion,10,28,2
2024-04-16,Onion,19,36,1
2024-04-17,Onion,12,35,14
2024-04-18,Onion,10,25,5
2024-04-19,Onion,14,32,1
2024-04-20,Onion,13,32,11
2024-04-21,Onion,15,25,14
2024-04-22,Onion,13,25,12
2024-04-23,Onion,11,29,13
2024-04-24,Onion,17,32,10
2024-04-25,Onion,12,35,12
2024-04-26,Onion,13,34,10
2024-04-27,Onion,15,35,10
2024-04-28,Onion,19,27,1
2024-04-29,Onion,15,35,12
2024-04-30,Onion,14,34,4
2024-05-01,Onion,19,37,4
2024-05-02,Onion,19,36,4
2024-05-03,Onion,12,31,5
2024-05-04,Onion,13,26,11
2024-05-05,Onion,18,25,12
2024-05-06,Onion,13,25,12
2024-05-07,Onion,15,28,4
2024-05-08,Onion,14,33,0
2024-05-09,Onion,11,37,5
2024-05-10,Onion,14,35,6
2024-05-11,Onion,12,27,9
2024-05-12,Onion,11,37,2
2024-05-13,Onion,19,25,4
2024-05-14,Onion,14,36,10
2024-05-15,Onion,16,28,2
2024-05-16,Onion,10,36,14
2024-05-17,Onion,17,37,2
2024-05-18,Onion,11,35,3
2024-05-19,Onion,12,37,0
2024-05-20,Onion,12,36,1
2024-05-21,Onion,17,30,8
2024-05-22,Onion,17,34,2
2024-05-23,Onion,14,31,4
2024-05-24,Onion,17,36,4
2024-05-25,Onion,10,29,3
2024-05-26,Onion,15,27,14
2024-05-27,Onion,14,26,10
2024-05-28,Onion,15,37,14
2024-05-29,Onion,15,29,5
2024-05-30,Onion,16,36,4
2024-05-31,Onion,10,32,3
2024-06-01,Onion,18,34,11
2024-06-02,Onion,15,25,2
2024-06-03,Onion,12,34,11
2024-06-04,Onion,13,30,14
2024-06-05,Onion,16,34,3
2024-06-06,Onion,15,35,0
2024-06-07,Onion,17,31,14
2024-06-08,Onion,18,27,1
2024-06-09,Onion,10,27,4
2024-06-10,Onion,11,36,2
2024-06-11,Onion,13,31,12
2024-06-12,Onion,12,33,7
2024-06-13,Onion,13,37,0
2024-06-14,Onion,10,25,0
2024-06-15,Onion,17,27,14
2024-06-16,Onion,15,27,10
2024-06-17,Onion,14,37,14
2024-06-18,Onion,16,26,5
2024-06-19,Onion,15,35,2
2024-06-20,Onion,15,34,9
2024-06-21,Onion,14,36,1
2024-06-22,Onion,18,32,2
2024-06-23,Onion,17,33,13
2024-06-24,Onion,12,27,1
2024-06-25,Onion,17,34,0
2024-06-26,Onion,17,31,13
2024-06-27,Onion,16,27,0
2024-06-28,Onion,13,33,4
2024-06-29,Onion,10,29,12
2024-06-30,Onion,17,32,4
2024-07-01,Onion,18,25,3
2024-07-02,Onion,12,26,14
2024-07-03,Onion,17,31,8
2024-07-04,Onion,11,28,13
2024-07-05,Onion,15,35,2
2024-07-06,Onion,17,27,13
2024-07-07,Onion,11,37,12
2024-07-08,Onion,12,35,5
2024-07-09,Onion,11,32,0
2024-07-10,Onion,16,26,9
2024-07-11,Onion,15,36,1
2024-07-12,Onion,11,34,12
2024-07-13,Onion,17,36,1
2024-07-14,Onion,16,27,7
2024-07-15,Onion,16,32,13
2024-07-16,Onion,16,35,5
2024-07-17,Onion,16,29,6
2024-07-18,Onion,10,25,8
2024-07-19,Onion,14,37,4
2024-07-20,Onion,12,29,2
2024-07-21,Onion,18,33,5
2024-07-22,Onion,10,31,6
2024-07-23,Onion,19,34,3
2024-07-24,Onion,17,30,3
2024-07-25,Onion,13,26,13
2024-07-26,Onion,11,36,13
2024-07-27,Onion,13,29,7
2024-07-28,Onion,15,28,12
2024-07-29,Onion,16,32,1
2024-07-30,Onion,16,26,1
2024-07-31,Onion,17,26,14
2024-08-01,Onion,18,36,0
2024-08-02,Onion,18,25,9
2024-08-03,Onion,19,26,5
2024-08-04,Onion,15,25,6
2024-08-05,Onion,17,26,7
2024-08-06,Onion,18,30,4
2024-08-07,Onion,18,37,11
2024-08-08,Onion,18,25,10
2024-08-09,Onion,12,33,10
2024-08-10,Onion,11,36,3
2024-08-11,Onion,13,26,14
2024-08-12,Onion,12,37,2
2024-08-13,Onion,10,30,7
2024-08-14,Onion,12,29,0
2024-08-15,Onion,19,31,9
2024-08-16,Onion,10,36,10
2024-08-17,Onion,18,32,6
2024-08-18,Onion,19,31,4
2024-08-19,Onion,14,35,12
2024-08-20,Onion,14,25,7
2024-08-21,Onion,10,28,14
2024-08-22,Onion,18,33,4
2024-08-23,Onion,13,27,2
2024-08-24,Onion,14,34,0
2024-08-25,Onion,14,30,6
2024-08-26,Onion,18,27,14
2024-08-27,Onion,11,27,11
2024-08-28,Onion,18,36,6
2024-08-29,Onion,18,37,1
2024-08-30,Onion,14,37,3
2024-08-31,Onion,11,33,8
2024-09-01,Onion,15,35,5
2024-09-02,Onion,17,30,0
2024-09-03,Onion,13,37,6
2024-09-04,Onion,11,33,7
2024-09-05,Onion,17,31,3
2024-09-06,Onion,11,27,11
2024-09-07,Onion,15,36,11
2024-09-08,Onion,14,36,7
2024-09-09,Onion,15,30,0
2024-09-10,Onion,13,29,11
2024-09-11,Onion,12,37,8
2024-09-12,Onion,10,30,5
2024-09-13,Onion,19,29,11
2024-09-14,Onion,14,34,13
2024-09-15,Onion,14,30,7
2024-09-16,Onion,11,30,0
2024-09-17,Onion,13,34,2
2024-09-18,Onion,18,27,14
2024-09-19,Onion,15,25,11
2024-09-20,Onion,15,28,7
2024-09-21,Onion,18,28,9
2024-09-22,Onion,19,30,0
2024-09-23,Onion,13,31,11
2024-09-24,Onion,10,32,11
2024-09-25,Onion,19,36,10
2024-09-26,Onion,15,29,9
2024-09-27,Onion,18,26,4
2024-09-28,Onion,15,31,4
2024-09-29,Onion,18,25,6
2024-09-30,Onion,19,31,3
2024-10-01,Onion,18,36,10
2024-10-02,Onion,14,28,12
2024-10-03,Onion,16,28,14
2024-10-04,Onion,12,33,10
2024-10-05,Onion,17,25,6
2024-10-06,Onion,18,32,7
2024-10-07,Onion,15,35,3
2024-10-08,Onion,17,27,12
2024-10-09,Onion,18,37,1
2024-10-10,Onion,11,36,12
2024-10-11,Onion,16,36,9
2024-10-12,Onion,13,34,7
2024-10-13,Onion,18,31,4
2024-10-14,Onion,17,28,1
2024-10-15,Onion,15,33,0
2024-10-16,Onion,19,36,6
2024-10-17,Onion,19,33,9
2024-10-18,Onion,18,34,10
2024-10-19,Onion,12,35,12
2024-10-20,Onion,14,32,7
2024-10-21,Onion,13,36,10
2024-10-22,Onion,10,25,14
2024-10-23,Onion,13,30,7
2024-10-24,Onion,15,36,8
2024-10-25,Onion,18,26,9
2024-10-26,Onion,10,26,4
2024-10-27,Onion,13,28,8
2024-10-28,Onion,17,30,0
2024-10-29,Onion,11,30,10
2024-10-30,Onion,11,37,9
2024-10-31,Onion,14,29,5
2024-11-01,Onion,15,30,13
2024-11-02,Onion,11,34,13
2024-11-03,Onion,12,30,12
2024-11-04,Onion,17,36,12
2024-11-05,Onion,10,25,10
2024-11-06,Onion,11,35,14
2024-11-07,Onion,15,33,3
2024-11-08,Onion,12,36,7
2024-11-09,Onion,19,33,11
2024-11-10,Onion,14,33,1
2024-11-11,Onion,12,31,6
2024-11-12,Onion,15,30,1
2024-11-13,Onion,19,30,3
2024-11-14,Onion,12,37,10
2024-11-15,Onion,11,25,10
2024-11-16,Onion,14,26,1
2024-11-17,Onion,16,32,12
2024-11-18,Onion,19,32,13
2024-11-19,Onion,13,25,10
2024-11-20,Onion,16,25,10
2024-11-21,Onion,13,32,1
2024-11-22,Onion,15,37,5
2024-11-23,Onion,18,29,9
2024-11-24,Onion,13,29,11
2024-11-25,Onion,19,35,4
2024-11-26,Onion,17,34,11
2024-11-27,Onion,17,26,6
2024-11-28,Onion,17,35,5
2024-11-29,Onion,14,35,8
2024-11-30,Onion,12,36,12
2024-12-01,Onion,19,28,8
2024-12-02,Onion,15,32,6
2024-12-03,Onion,11,27,0
2024-12-04,Onion,18,37,6
2024-12-05,Onion,10,27,3
2024-12-06,Onion,13,29,13
2024-12-07,Onion,12,27,0
2024-12-08,Onion,16,35,9
2024-12-09,Onion,10,26,12
2024-12-10,Onion,13,37,3
2024-12-11,Onion,14,35,1
2024-12-12,Onion,13,25,1
2024-12-13,Onion,10,34,9
2024-12-14,Onion,13,28,6
2024-12-15,Onion,19,35,10
2024-12-16,Onion,18,33,4
2024-12-17,Onion,19,25,0
2024-12-18,Onion,15,26,7
2024-12-19,Onion,18,37,3
2024-12-20,Onion,14,35,7
2024-12-21,Onion,12,29,2
2024-12-22,Onion,19,27,2
2024-12-23,Onion,16,31,6
2024-12-24,Onion,19,32,4
2024-12-25,Onion,14,28,6
2024-12-26,Onion,19,28,14
2024-12-27,Onion,11,28,12
2024-12-28,Onion,17,33,2
2024-12-29,Onion,16,36,13
2024-12-30,Onion,18,35,3
2024-01-01,Rice,44,27,4
2024-01-02,Rice,30,27,14
2024-01-03,Rice,53,35,7
2024-01-04,Rice,33,26,12
2024-01-05,Rice,53,32,9
2024-01-06,Rice,33,27,1
2024-01-07,Rice,54,25,6
2024-01-08,Rice,50,32,3
2024-01-09,Rice,52,37,4
2024-01-10,Rice,50,33,8
2024-01-11,Rice,54,36,5
2024-01-12,Rice,35,29,8
2024-01-13,Rice,39,32,6
2024-01-14,Rice,36,30,4
2024-01-15,Rice,49,27,2
2024-01-16,Rice,51,28,11
2024-01-17,Rice,41,30,2
2024-01-18,Rice,33,33,4
2024-01-19,Rice,42,31,9
2024-01-20,Rice,47,29,8
2024-01-21,Rice,45,35,2
2024-01-22,Rice,43,33,13
2024-01-23,Rice,45,35,14
2024-01-24,Rice,51,28,6
2024-01-25,Rice,45,32,5
2024-01-26,Rice,50,30,4
2024-01-27,Rice,37,25,10
2024-01-28,Rice,52,34,9
2024-01-29,Rice,31,33,0
2024-01-30,Rice,40,34,5
2024-01-31,Rice,54,25,3
2024-02-01,Rice,45,28,14
2024-02-02,Rice,54,35,4
2024-02-03,Rice,34,30,0
2024-02-04,Rice,30,33,2
2024-02-05,Rice,33,25,8
2024-02-06,Rice,53,26,7
2024-02-07,Rice,44,31,10
2024-02-08,Rice,35,25,14
2024-02-09,Rice,52,34,6
2024-02-10,Rice,54,25,1
2024-02-11,Rice,38,37,8
2024-02-12,Rice,42,30,5
2024-02-13,Rice,49,28,4
2024-02-14,Rice,32,25,14
2024-02-15,Rice,46,36,14
2024-02-16,Rice,42,31,0
2024-02-17,Rice,46,27,9
2024-02-18,Rice,44,28,3
2024-02-19,Rice,47,25,2
2024-02-20,Rice,40,28,2
2024-02-21,Rice,37,34,0
2024-02-22,Rice,43,26,12
2024-02-23,Rice,52,28,7
2024-02-24,Rice,48,30,8
2024-02-25,Rice,30,25,7
2024-02-26,Rice,48,29,0
2024-02-27,Rice,34,35,5
2024-02-28,Rice,37,37,13
2024-02-29,Rice,32,27,11
2024-03-01,Rice,45,35,10
2024-03-02,Rice,39,33,3
2024-03-03,Rice,33,36,6
2024-03-04,Rice,31,32,5
2024-03-05,Rice,48,33,4
2024-03-06,Rice,37,31,13
2024-03-07,Rice,53,31,2
2024-03-08,Rice,47,31,2
2024-03-09,Rice,48,26,3
2024-03-10,Rice,45,32,11
2024-03-11,Rice,30,25,11
2024-03-12,Rice,50,35,4
2024-03-13,Rice,41,25,5
2024-03-14,Rice,30,29,8
2024-03-15,Rice,43,29,5
2024-03-16,Rice,53,35,0
2024-03-17,Rice,47,33,2
2024-03-18,Rice,51,29,10
2024-03-19,Rice,31,31,3
2024-03-20,Rice,30,37,3
2024-03-21,Rice,51,31,14
2024-03-22,Rice,52,31,2
2024-03-23,Rice,51,37,7
2024-03-24,Rice,49,37,7
2024-03-25,Rice,47,34,8
2024-03-26,Rice,54,32,9
2024-03-27,Rice,39,25,1
2024-03-28,Rice,35,34,4
2024-03-29,Rice,38,29,1
2024-03-30,Rice,49,33,0
2024-03-31,Rice,46,36,6
2024-04-01,Rice,32,34,1
2024-04-02,Rice,54,27,1
2024-04-03,Rice,53,34,5
2024-04-04,Rice,51,34,10
2024-04-05,Rice,52,31,10
2024-04-06,Rice,44,30,3
2024-04-07,Rice,38,30,3
2024-04-08,Rice,41,27,3
2024-04-09,Rice,32,26,13
2024-04-10,Rice,50,26,5
2024-04-11,Rice,32,30,14
2024-04-12,Rice,39,33,0
2024-04-13,Rice,45,30,8
2024-04-14,Rice,33,35,11
2024-04-15,Rice,31,37,3
2024-04-16,Rice,30,27,9
2024-04-17,Rice,54,34,4
2024-04-18,Rice,44,35,5
2024-04-19,Rice,48,29,10
2024-04-20,Rice,53,30,3
2024-04-21,Rice,31,33,12
2024-04-22,Rice,30,25,12
2024-04-23,Rice,33,31,0
2024-04-24,Rice,38,28,2
2024-04-25,Rice,30,34,3
2024-04-26,Rice,38,37,13
2024-04-27,Rice,39,30,5
2024-04-28,Rice,46,34,1
2024-04-29,Rice,51,26,2
2024-04-30,Rice,49,35,4
2024-05-01,Rice,54,36,14
2024-05-02,Rice,44,28,12
2024-05-03,Rice,38,35,9
2024-05-04,Rice,48,32,11
2024-05-05,Rice,46,35,8
2024-05-06,Rice,38,34,1
2024-05-07,Rice,49,37,7
2024-05-08,Rice,36,25,4
2024-05-09,Rice,52,28,14
2024-05-10,Rice,30,33,13
2024-05-11,Rice,34,35,1
2024-05-12,Rice,37,35,12
2024-05-13,Rice,47,27,13
2024-05-14,Rice,30,35,1
2024-05-15,Rice,45,31,9
2024-05-16,Rice,47,30,14
2024-05-17,Rice,48,28,10
2024-05-18,Rice,42,32,13
2024-05-19,Rice,32,34,5
2024-05-20,Rice,30,31,7
2024-05-21,Rice,43,32,2
2024-05-22,Rice,43,34,0
2024-05-23,Rice,38,37,5
2024-05-24,Rice,40,33,6
2024-05-25,Rice,46,36,11
2024-05-26,Rice,30,30,4
2024-05-27,Rice,38,26,7
2024-05-28,Rice,50,26,12
2024-05-29,Rice,40,35,11
2024-05-30,Rice,35,34,7
2024-05-31,Rice,33,26,11
2024-06-01,Rice,40,29,14
2024-06-02,Rice,47,26,14
2024-06-03,Rice,51,35,9
2024-06-04,Rice,54,37,3
2024-06-05,Rice,51,31,12
2024-06-06,Rice,40,30,7
2024-06-07,Rice,33,36,14
2024-06-08,Rice,30,31,2
2024-06-09,Rice,43,30,1
2024-06-10,Rice,54,25,5
2024-06-11,Rice,35,29,12
2024-06-12,Rice,34,25,9
2024-06-13,Rice,50,26,6
2024-06-14,Rice,32,37,14
2024-06-15,Rice,49,27,2
2024-06-16,Rice,33,29,0
2024-06-17,Rice,33,36,11
2024-06-18,Rice,53,34,6
2024-06-19,Rice,54,29,12
2024-06-20,Rice,49,32,8
2024-06-21,Rice,42,31,13
2024-06-22,Rice,52,29,3
2024-06-23,Rice,43,34,0
2024-06-24,Rice,39,34,6
2024-06-25,Rice,45,25,0
2024-06-26,Rice,50,37,8
2024-06-27,Rice,35,27,12
2024-06-28,Rice,32,31,5
2024-06-29,Rice,38,30,4
2024-06-30,Rice,39,31,0
2024-07-01,Rice,41,31,2
2024-07-02,Rice,54,30,8
2024-07-03,Rice,44,29,6
2024-07-04,Rice,42,28,14
2024-07-05,Rice,45,31,12
2024-07-06,Rice,46,31,7
2024-07-07,Rice,50,26,4
2024-07-08,Rice,35,36,1
2024-07-09,Rice,51,30,0
2024-07-10,Rice,46,35,9
2024-07-11,Rice,48,34,9
2024-07-12,Rice,44,36,2
2024-07-13,Rice,33,26,8
2024-07-14,Rice,39,36,10
2024-07-15,Rice,43,31,6
2024-07-16,Rice,44,30,14
2024-07-17,Rice,48,30,14
2024-07-18,Rice,53,32,10
2024-07-19,Rice,38,25,13
2024-07-20,Rice,30,27,2
2024-07-21,Rice,39,32,14
2024-07-22,Rice,39,25,12
2024-07-23,Rice,47,26,2
2024-07-24,Rice,42,30,0
2024-07-25,Rice,31,37,14
2024-07-26,Rice,42,25,4
2024-07-27,Rice,36,32,9
2024-07-28,Rice,46,31,12
2024-07-29,Rice,34,34,0
2024-07-30,Rice,32,31,9
2024-07-31,Rice,46,31,4
2024-08-01,Rice,30,25,13
2024-08-02,Rice,46,35,8
2024-08-03,Rice,32,37,4
2024-08-04,Rice,40,34,11
2024-08-05,Rice,45,33,5
2024-08-06,Rice,38,32,7
2024-08-07,Rice,30,37,8
2024-08-08,Rice,51,33,2
2024-08-09,Rice,41,27,5
2024-08-10,Rice,38,31,13
2024-08-11,Rice,48,27,1
2024-08-12,Rice,38,37,14
2024-08-13,Rice,32,35,4
2024-08-14,Rice,43,33,7
2024-08-15,Rice,47,27,1
2024-08-16,Rice,37,30,5
2024-08-17,Rice,41,33,7
2024-08-18,Rice,33,36,3
2024-08-19,Rice,54,25,12
2024-08-20,Rice,47,26,12
2024-08-21,Rice,42,30,14
2024-08-22,Rice,49,37,10
2024-08-23,Rice,39,37,2
2024-08-24,Rice,48,27,5
2024-08-25,Rice,43,32,10
2024-08-26,Rice,52,28,10
2024-08-27,Rice,49,35,9
2024-08-28,Rice,40,35,13
2024-08-29,Rice,40,26,13
2024-08-30,Rice,46,33,11
2024-08-31,Rice,31,37,7
2024-09-01,Rice,44,33,3
2024-09-02,Rice,37,33,9
2024-09-03,Rice,34,37,13
2024-09-04,Rice,36,34,3
2024-09-05,Rice,46,27,4
2024-09-06,Rice,48,36,12
2024-09-07,Rice,36,36,8
2024-09-08,Rice,35,37,9
2024-09-09,Rice,46,31,14
2024-09-10,Rice,32,29,9
2024-09-11,Rice,33,34,4
2024-09-12,Rice,50,30,13
2024-09-13,Rice,39,36,9
2024-09-14,Rice,42,35,5
2024-09-15,Rice,45,32,7
2024-09-16,Rice,54,32,12
2024-09-17,Rice,31,36,9
2024-09-18,Rice,41,35,14
2024-09-19,Rice,45,25,9
2024-09-20,Rice,31,26,11
2024-09-21,Rice,48,34,6
2024-09-22,Rice,47,25,13
2024-09-23,Rice,35,33,14
2024-09-24,Rice,32,30,2
2024-09-25,Rice,30,37,11
2024-09-26,Rice,50,34,13
2024-09-27,Rice,42,35,3
2024-09-28,Rice,36,30,9
2024-09-29,Rice,36,29,14
2024-09-30,Rice,44,28,6
2024-10-01,Rice,52,30,7
2024-10-02,Rice,49,34,4
2024-10-03,Rice,49,36,0
2024-10-04,Rice,37,25,4
2024-10-05,Rice,51,30,12
2024-10-06,Rice,50,27,14
2024-10-07,Rice,34,36,7
2024-10-08,Rice,43,26,5
2024-10-09,Rice,54,32,13
2024-10-10,Rice,53,32,14
2024-10-11,Rice,36,32,12
2024-10-12,Rice,35,26,1
2024-10-13,Rice,37,35,0
2024-10-14,Rice,51,37,5
2024-10-15,Rice,45,35,3
2024-10-16,Rice,41,35,12
2024-10-17,Rice,39,27,12
2024-10-18,Rice,32,37,12
2024-10-19,Rice,46,27,3
2024-10-20,Rice,40,35,4
2024-10-21,Rice,48,30,10
2024-10-22,Rice,45,29,2
2024-10-23,Rice,51,30,14
2024-10-24,Rice,43,32,1
2024-10-25,Rice,46,28,6
2024-10-26,Rice,44,35,9
2024-10-27,Rice,32,27,4
2024-10-28,Rice,50,37,9
2024-10-29,Rice,48,33,3
2024-10-30,Rice,48,35,1
2024-10-31,Rice,39,37,10
2024-11-01,Rice,54,28,2
2024-11-02,Rice,52,32,10
2024-11-03,Rice,43,26,6
2024-11-04,Rice,34,35,4
2024-11-05,Rice,48,29,11
2024-11-06,Rice,47,28,5
2024-11-07,Rice,46,34,3
2024-11-08,Rice,35,33,13
2024-11-09,Rice,40,35,12
2024-11-10,Rice,47,35,6
2024-11-11,Rice,51,26,7
2024-11-12,Rice,52,35,4
2024-11-13,Rice,41,29,6
2024-11-14,Rice,38,35,14
2024-11-15,Rice,54,33,5
2024-11-16,Rice,39,30,2
2024-11-17,Rice,30,31,3
2024-11-18,Rice,30,32,11
2024-11-19,Rice,51,30,1
2024-11-20,Rice,44,25,12
2024-11-21,Rice,43,26,3
2024-11-22,Rice,47,25,6
2024-11-23,Rice,40,36,7
2024-11-24,Rice,51,28,13
2024-11-25,Rice,35,27,11
2024-11-26,Rice,53,34,13
2024-11-27,Rice,42,37,1
2024-11-28,Rice,34,25,5
2024-11-29,Rice,31,28,5
2024-11-30,Rice,40,32,11
2024-12-01,Rice,37,35,5
2024-12-02,Rice,49,32,12
2024-12-03,Rice,37,34,13
2024-12-04,Rice,46,28,3
2024-12-05,Rice,52,35,6
2024-12-06,Rice,45,37,10
2024-12-07,Rice,44,32,10
2024-12-08,Rice,50,31,7
2024-12-09,Rice,38,27,2
2024-12-10,Rice,49,29,9
2024-12-11,Rice,46,31,8
2024-12-12,Rice,37,29,13
2024-12-13,Rice,43,28,11
2024-12-14,Rice,36,29,6
2024-12-15,Rice,41,25,0
2024-12-16,Rice,39,37,2
2024-12-17,Rice,43,35,1
2024-12-18,Rice,47,31,11
2024-12-19,Rice,31,35,3
2024-12-20,Rice,47,30,7
2024-12-21,Rice,39,28,14
2024-12-22,Rice,34,28,2
2024-12-23,Rice,34,33,7
2024-12-24,Rice,37,32,11
2024-12-25,Rice,53,31,7
2024-12-26,Rice,40,32,12
2024-12-27,Rice,53,36,9
2024-12-28,Rice,36,36,0
2024-12-29,Rice,33,37,12
2024-12-30,Rice,33,29,9
2024-01-01,Wheat,28,26,5
2024-01-02,Wheat,26,31,10
2024-01-03,Wheat,38,29,5
2024-01-04,Wheat,34,32,13
2024-01-05,Wheat,27,36,11
2024-01-06,Wheat,41,25,6
2024-01-07,Wheat,34,33,6
2024-01-08,Wheat,34,29,7
2024-01-09,Wheat,26,33,5
2024-01-10,Wheat,37,33,1
2024-01-11,Wheat,43,36,7
2024-01-12,Wheat,41,34,14
2024-01-13,Wheat,39,31,6
2024-01-14,Wheat,37,25,8
2024-01-15,Wheat,32,28,9
2024-01-16,Wheat,42,37,8
2024-01-17,Wheat,36,36,5
2024-01-18,Wheat,43,36,6
2024-01-19,Wheat,27,26,6
2024-01-20,Wheat,31,28,10
2024-01-21,Wheat,32,37,12
2024-01-22,Wheat,41,25,4
2024-01-23,Wheat,30,27,12
2024-01-24,Wheat,38,30,3
2024-01-25,Wheat,31,32,8
2024-01-26,Wheat,37,35,5
2024-01-27,Wheat,30,32,11
2024-01-28,Wheat,27,36,2
2024-01-29,Wheat,37,30,1
2024-01-30,Wheat,40,30,12
2024-01-31,Wheat,30,32,6
2024-02-01,Wheat,32,33,5
2024-02-02,Wheat,38,27,9
2024-02-03,Wheat,27,35,11
2024-02-04,Wheat,41,35,14
2024-02-05,Wheat,29,28,8
2024-02-06,Wheat,33,29,9
2024-02-07,Wheat,44,31,14
2024-02-08,Wheat,28,37,12
2024-02-09,Wheat,34,26,0
2024-02-10,Wheat,44,28,12
2024-02-11,Wheat,41,30,3
2024-02-12,Wheat,25,25,14
2024-02-13,Wheat,37,25,7
2024-02-14,Wheat,32,26,10
2024-02-15,Wheat,37,31,13
2024-02-16,Wheat,32,32,10
2024-02-17,Wheat,39,35,12
2024-02-18,Wheat,31,29,0
2024-02-19,Wheat,40,31,1
2024-02-20,Wheat,42,25,13
2024-02-21,Wheat,31,37,1
2024-02-22,Wheat,38,26,12
2024-02-23,Wheat,35,29,13
2024-02-24,Wheat,40,31,0
2024-02-25,Wheat,32,27,3
2024-02-26,Wheat,39,33,3
2024-02-27,Wheat,34,36,14
2024-02-28,Wheat,44,25,8
2024-02-29,Wheat,44,33,5
2024-03-01,Wheat,39,25,11
2024-03-02,Wheat,27,35,1
2024-03-03,Wheat,40,33,14
2024-03-04,Wheat,36,25,12
2024-03-05,Wheat,38,33,8
2024-03-06,Wheat,32,32,10
2024-03-07,Wheat,36,25,10
2024-03-08,Wheat,32,34,13
2024-03-09,Wheat,43,35,6
2024-03-10,Wheat,35,25,0
2024-03-11,Wheat,32,31,7
2024-03-12,Wheat,30,30,1
2024-03-13,Wheat,30,29,12
2024-03-14,Wheat,43,30,7
2024-03-15,Wheat,33,25,2
2024-03-16,Wheat,43,35,7
2024-03-17,Wheat,41,29,2
2024-03-18,Wheat,26,32,2
2024-03-19,Wheat,31,36,10
2024-03-20,Wheat,41,30,2
2024-03-21,Wheat,30,36,1
2024-03-22,Wheat,30,31,4
2024-03-23,Wheat,43,28,3
2024-03-24,Wheat,41,35,3
2024-03-25,Wheat,37,28,9
2024-03-26,Wheat,41,33,3
2024-03-27,Wheat,38,27,9
2024-03-28,Wheat,27,32,7
2024-03-29,Wheat,25,34,1
2024-03-30,Wheat,40,32,0
2024-03-31,Wheat,36,32,7
2024-04-01,Wheat,40,26,3
2024-04-02,Wheat,30,36,10
2024-04-03,Wheat,33,32,11
2024-04-04,Wheat,38,37,8
2024-04-05,Wheat,26,27,9
2024-04-06,Wheat,34,33,9
2024-04-07,Wheat,44,32,9
2024-04-08,Wheat,43,27,7
2024-04-09,Wheat,29,27,9
2024-04-10,Wheat,40,25,14
2024-04-11,Wheat,27,36,8
2024-04-12,Wheat,36,34,14
2024-04-13,Wheat,26,31,14
2024-04-14,Wheat,42,28,11
2024-04-15,Wheat,28,31,6
2024-04-16,Wheat,40,25,5
2024-04-17,Wheat,26,27,9
2024-04-18,Wheat,44,25,3
2024-04-19,Wheat,25,28,5
2024-04-20,Wheat,39,34,9
2024-04-21,Wheat,38,28,14
2024-04-22,Wheat,38,33,4
2024-04-23,Wheat,29,30,0
2024-04-24,Wheat,35,36,14
2024-04-25,Wheat,28,35,1
2024-04-26,Wheat,27,30,7
2024-04-27,Wheat,27,32,1
2024-04-28,Wheat,34,33,3
2024-04-29,Wheat,41,32,6
2024-04-30,Wheat,35,37,4
2024-05-01,Wheat,37,29,6
2024-05-02,Wheat,29,32,10
2024-05-03,Wheat,37,30,12
2024-05-04,Wheat,29,33,10
2024-05-05,Wheat,40,26,0
2024-05-06,Wheat,32,36,2
2024-05-07,Wheat,35,36,11
2024-05-08,Wheat,36,31,9
2024-05-09,Wheat,37,35,7
2024-05-10,Wheat,33,31,14
2024-05-11,Wheat,39,26,6
2024-05-12,Wheat,44,33,11
2024-05-13,Wheat,25,31,5
2024-05-14,Wheat,32,29,14
2024-05-15,Wheat,25,25,8
2024-05-16,Wheat,34,30,9
2024-05-17,Wheat,39,25,5
2024-05-18,Wheat,30,27,12
2024-05-19,Wheat,40,32,13
2024-05-20,Wheat,39,25,0
2024-05-21,Wheat,37,25,5
2024-05-22,Wheat,41,37,5
2024-05-23,Wheat,27,32,12
2024-05-24,Wheat,39,30,12
2024-05-25,Wheat,37,25,14
2024-05-26,Wheat,27,36,5
2024-05-27,Wheat,29,30,9
2024-05-28,Wheat,41,31,8
2024-05-29,Wheat,26,34,14
2024-05-30,Wheat,29,34,3
2024-05-31,Wheat,30,30,10
2024-06-01,Wheat,42,26,3
2024-06-02,Wheat,41,33,13
2024-06-03,Wheat,38,37,6
2024-06-04,Wheat,36,31,14
2024-06-05,Wheat,43,35,14
2024-06-06,Wheat,36,27,0
2024-06-07,Wheat,27,27,3
2024-06-08,Wheat,28,27,9
2024-06-09,Wheat,40,36,7
2024-06-10,Wheat,41,31,10
2024-06-11,Wheat,42,25,2
2024-06-12,Wheat,28,37,5
2024-06-13,Wheat,38,29,14
2024-06-14,Wheat,39,28,7
2024-06-15,Wheat,40,36,13
2024-06-16,Wheat,28,37,9
2024-06-17,Wheat,37,26,14
2024-06-18,Wheat,27,30,7
2024-06-19,Wheat,39,35,14
2024-06-20,Wheat,33,31,12
2024-06-21,Wheat,26,32,6
2024-06-22,Wheat,36,27,6
2024-06-23,Wheat,34,37,8
2024-06-24,Wheat,40,27,13
2024-06-25,Wheat,34,30,1
2024-06-26,Wheat,42,29,4
2024-06-27,Wheat,31,36,1
2024-06-28,Wheat,35,37,6
2024-06-29,Wheat,29,30,7
2024-06-30,Wheat,38,36,3
2024-07-01,Wheat,30,34,1
2024-07-02,Wheat,39,32,9
2024-07-03,Wheat,33,29,9
2024-07-04,Wheat,44,30,7
2024-07-05,Wheat,27,34,10
2024-07-06,Wheat,35,25,3
2024-07-07,Wheat,28,25,8
2024-07-08,Wheat,43,29,5
2024-07-09,Wheat,30,27,5
2024-07-10,Wheat,25,28,5
2024-07-11,Wheat,40,31,10
2024-07-12,Wheat,37,35,9
2024-07-13,Wheat,27,33,11
2024-07-14,Wheat,36,31,13
2024-07-15,Wheat,25,26,0
2024-07-16,Wheat,33,33,6
2024-07-17,Wheat,34,27,12
2024-07-18,Wheat,39,29,14
2024-07-19,Wheat,44,31,13
2024-07-20,Wheat,26,37,7
2024-07-21,Wheat,40,33,9
2024-07-22,Wheat,38,34,8
2024-07-23,Wheat,38,34,13
2024-07-24,Wheat,33,33,13
2024-07-25,Wheat,27,28,1
2024-07-26,Wheat,34,27,10
2024-07-27,Wheat,35,29,4
2024-07-28,Wheat,37,31,6
2024-07-29,Wheat,41,26,11
2024-07-30,Wheat,34,26,5
2024-07-31,Wheat,35,25,2
2024-08-01,Wheat,42,27,4
2024-08-02,Wheat,40,30,8
2024-08-03,Wheat,36,35,14
2024-08-04,Wheat,39,34,11
2024-08-05,Wheat,37,28,6
2024-08-06,Wheat,26,34,10
2024-08-07,Wheat,39,32,6
2024-08-08,Wheat,39,31,13
2024-08-09,Wheat,32,36,11
2024-08-10,Wheat,37,35,0
2024-08-11,Wheat,41,32,3
2024-08-12,Wheat,32,29,9
2024-08-13,Wheat,40,28,11
2024-08-14,Wheat,39,36,4
2024-08-15,Wheat,40,34,6
2024-08-16,Wheat,37,28,11
2024-08-17,Wheat,29,37,2
2024-08-18,Wheat,39,28,14
2024-08-19,Wheat,38,28,2
2024-08-20,Wheat,37,34,4
2024-08-21,Wheat,29,35,6
2024-08-22,Wheat,44,37,3
2024-08-23,Wheat,30,28,1
2024-08-24,Wheat,40,26,4
2024-08-25,Wheat,28,37,2
2024-08-26,Wheat,26,37,10
2024-08-27,Wheat,28,30,3
2024-08-28,Wheat,44,28,8
2024-08-29,Wheat,31,27,2
2024-08-30,Wheat,30,30,3
2024-08-31,Wheat,39,33,3
2024-09-01,Wheat,33,28,1
2024-09-02,Wheat,42,29,3
2024-09-03,Wheat,35,29,5
2024-09-04,Wheat,28,37,11
2024-09-05,Wheat,26,37,9
2024-09-06,Wheat,33,34,14
2024-09-07,Wheat,31,28,2
2024-09-08,Wheat,34,27,8
2024-09-09,Wheat,43,29,1
2024-09-10,Wheat,44,34,1
2024-09-11,Wheat,26,36,7
2024-09-12,Wheat,41,31,4
2024-09-13,Wheat,35,32,0
2024-09-14,Wheat,35,31,4
2024-09-15,Wheat,28,31,9
2024-09-16,Wheat,39,26,11
2024-09-17,Wheat,41,25,10
2024-09-18,Wheat,25,36,4
2024-09-19,Wheat,34,31,1
2024-09-20,Wheat,34,32,3
2024-09-21,Wheat,36,27,9
2024-09-22,Wheat,35,32,1
2024-09-23,Wheat,35,35,12
2024-09-24,Wheat,27,36,2
2024-09-25,Wheat,34,35,0
2024-09-26,Wheat,26,25,1
2024-09-27,Wheat,44,30,11
2024-09-28,Wheat,34,36,9
2024-09-29,Wheat,32,25,12
2024-09-30,Wheat,33,30,9
2024-10-01,Wheat,39,29,5
2024-10-02,Wheat,40,37,5
2024-10-03,Wheat,44,26,10
2024-10-04,Wheat,33,26,9
2024-10-05,Wheat,26,36,7
2024-10-06,Wheat,33,36,9
2024-10-07,Wheat,33,34,8
2024-10-08,Wheat,26,28,6
2024-10-09,Wheat,26,25,2
2024-10-10,Wheat,28,32,5
2024-10-11,Wheat,26,33,13
2024-10-12,Wheat,26,37,14
2024-10-13,Wheat,36,29,11
2024-10-14,Wheat,44,37,6
2024-10-15,Wheat,34,29,1
2024-10-16,Wheat,38,26,9
2024-10-17,Wheat,36,30,7
2024-10-18,Wheat,30,28,12
2024-10-19,Wheat,28,30,13
2024-10-20,Wheat,40,37,3
2024-10-21,Wheat,25,37,3
2024-10-22,Wheat,44,26,5
2024-10-23,Wheat,27,31,12
2024-10-24,Wheat,40,35,4
2024-10-25,Wheat,28,29,7
2024-10-26,Wheat,43,31,14
2024-10-27,Wheat,38,30,11
2024-10-28,Wheat,40,25,12
2024-10-29,Wheat,38,37,6
2024-10-30,Wheat,38,36,0
2024-10-31,Wheat,33,30,14
2024-11-01,Wheat,36,26,4
2024-11-02,Wheat,37,35,3
2024-11-03,Wheat,32,35,13
2024-11-04,Wheat,39,35,0
2024-11-05,Wheat,27,25,11
2024-11-06,Wheat,43,30,13
2024-11-07,Wheat,32,37,10
2024-11-08,Wheat,44,27,4
2024-11-09,Wheat,33,37,5
2024-11-10,Wheat,26,37,4
2024-11-11,Wheat,32,31,0
2024-11-12,Wheat,44,36,6
2024-11-13,Wheat,35,31,14
2024-11-14,Wheat,35,37,5
2024-11-15,Wheat,40,27,3
2024-11-16,Wheat,38,27,0
2024-11-17,Wheat,39,25,0
2024-11-18,Wheat,26,37,3
2024-11-19,Wheat,30,32,12
2024-11-20,Wheat,40,27,0
2024-11-21,Wheat,27,36,2
2024-11-22,Wheat,29,35,11
2024-11-23,Wheat,36,28,12
2024-11-24,Wheat,44,33,6
2024-11-25,Wheat,28,27,5
2024-11-26,Wheat,43,30,10
2024-11-27,Wheat,37,35,12
2024-11-28,Wheat,37,36,8
2024-11-29,Wheat,44,29,12
2024-11-30,Wheat,35,27,7
2024-12-01,Wheat,44,32,9
2024-12-02,Wheat,40,27,9
2024-12-03,Wheat,35,37,11
2024-12-04,Wheat,33,28,7
2024-12-05,Wheat,43,31,2
2024-12-06,Wheat,36,31,13
2024-12-07,Wheat,35,34,9
2024-12-08,Wheat,35,30,1
2024-12-09,Wheat,35,27,5
2024-12-10,Wheat,38,28,5
2024-12-11,Wheat,41,34,11
2024-12-12,Wheat,25,27,7
2024-12-13,Wheat,32,35,3
2024-12-14,Wheat,39,32,6
2024-12-15,Wheat,35,31,12
2024-12-16,Wheat,28,33,11
2024-12-17,Wheat,30,36,10
2024-12-18,Wheat,43,29,4
2024-12-19,Wheat,38,29,7
2024-12-20,Wheat,40,33,12
2024-12-21,Wheat,44,30,3
2024-12-22,Wheat,35,25,6
2024-12-23,Wheat,38,34,10
2024-12-24,Wheat,33,31,12
2024-12-25,Wheat,42,36,10
2024-12-26,Wheat,39,33,9
2024-12-27,Wheat,43,25,3
2024-12-28,Wheat,38,27,13
2024-12-29,Wheat,41,27,13
2024-12-30,Wheat,44,37,12
2024-01-01,Sugar,49,32,8
2024-01-02,Sugar,53,30,9
2024-01-03,Sugar,61,29,5
2024-01-04,Sugar,54,34,5
2024-01-05,Sugar,57,33,9
2024-01-06,Sugar,41,30,0
2024-01-07,Sugar,52,25,8
2024-01-08,Sugar,44,34,8
2024-01-09,Sugar,41,37,1
2024-01-10,Sugar,40,35,3
2024-01-11,Sugar,35,25,11
2024-01-12,Sugar,55,36,1
2024-01-13,Sugar,38,25,3
2024-01-14,Sugar,45,30,9
2024-01-15,Sugar,38,25,6
2024-01-16,Sugar,64,26,8
2024-01-17,Sugar,63,27,7
2024-01-18,Sugar,63,32,2
2024-01-19,Sugar,38,26,3
2024-01-20,Sugar,61,35,10
2024-01-21,Sugar,48,33,1
2024-01-22,Sugar,62,36,12
2024-01-23,Sugar,50,27,14
2024-01-24,Sugar,61,35,14
2024-01-25,Sugar,38,29,0
2024-01-26,Sugar,41,34,6
2024-01-27,Sugar,43,28,13
2024-01-28,Sugar,64,30,10
2024-01-29,Sugar,36,36,11
2024-01-30,Sugar,64,28,1
2024-01-31,Sugar,60,29,14
2024-02-01,Sugar,41,37,0
2024-02-02,Sugar,60,34,6
2024-02-03,Sugar,60,37,5
2024-02-04,Sugar,40,36,7
2024-02-05,Sugar,58,30,2
2024-02-06,Sugar,39,26,14
2024-02-07,Sugar,64,29,13
2024-02-08,Sugar,59,34,0
2024-02-09,Sugar,44,29,11
2024-02-10,Sugar,56,35,6
2024-02-11,Sugar,43,30,4
2024-02-12,Sugar,46,31,12
2024-02-13,Sugar,35,35,13
2024-02-14,Sugar,55,26,3
2024-02-15,Sugar,41,29,11
2024-02-16,Sugar,56,26,2
2024-02-17,Sugar,41,35,1
2024-02-18,Sugar,46,30,4
2024-02-19,Sugar,60,25,11
2024-02-20,Sugar,61,34,10
2024-02-21,Sugar,38,35,1
2024-02-22,Sugar,38,25,1
2024-02-23,Sugar,63,32,5
2024-02-24,Sugar,36,36,14
2024-02-25,Sugar,40,34,8
2024-02-26,Sugar,57,33,4
2024-02-27,Sugar,57,35,14
2024-02-28,Sugar,48,31,11
2024-02-29,Sugar,62,27,6
2024-03-01,Sugar,51,33,9
2024-03-02,Sugar,47,30,4
2024-03-03,Sugar,57,29,9
2024-03-04,Sugar,55,35,9
2024-03-05,Sugar,61,31,9
2024-03-06,Sugar,49,31,12
2024-03-07,Sugar,61,27,2
2024-03-08,Sugar,44,36,12
2024-03-09,Sugar,49,27,5
2024-03-10,Sugar,46,30,12
2024-03-11,Sugar,63,27,2
2024-03-12,Sugar,42,32,6
2024-03-13,Sugar,60,28,14
2024-03-14,Sugar,38,27,4
2024-03-15,Sugar,37,37,7
2024-03-16,Sugar,57,37,2
2024-03-17,Sugar,50,33,11
2024-03-18,Sugar,48,37,4
2024-03-19,Sugar,59,31,14
2024-03-20,Sugar,41,30,1
2024-03-21,Sugar,43,30,7
2024-03-22,Sugar,51,29,11
2024-03-23,Sugar,35,34,10
2024-03-24,Sugar,50,32,7
2024-03-25,Sugar,51,33,1
2024-03-26,Sugar,46,33,0
2024-03-27,Sugar,62,34,13
2024-03-28,Sugar,50,33,3
2024-03-29,Sugar,59,31,10
2024-03-30,Sugar,40,29,10
2024-03-31,Sugar,59,26,13
2024-04-01,Sugar,47,35,13
2024-04-02,Sugar,62,26,10
2024-04-03,Sugar,62,33,11
2024-04-04,Sugar,53,32,10
2024-04-05,Sugar,49,33,7
2024-04-06,Sugar,54,36,0
2024-04-07,Sugar,38,33,1
2024-04-08,Sugar,50,27,9
2024-04-09,Sugar,42,30,7
2024-04-10,Sugar,50,31,13
2024-04-11,Sugar,47,37,4
2024-04-12,Sugar,59,28,5
2024-04-13,Sugar,52,26,1
2024-04-14,Sugar,44,31,12
2024-04-15,Sugar,52,36,14
2024-04-16,Sugar,47,26,14
2024-04-17,Sugar,59,31,10
2024-04-18,Sugar,53,27,6
2024-04-19,Sugar,55,34,13
2024-04-20,Sugar,48,30,12
2024-04-21,Sugar,46,32,8
2024-04-22,Sugar,35,27,10
2024-04-23,Sugar,57,30,6
2024-04-24,Sugar,58,30,2
2024-04-25,Sugar,52,36,6
2024-04-26,Sugar,62,36,11
2024-04-27,Sugar,61,25,2
2024-04-28,Sugar,62,35,3
2024-04-29,Sugar,63,25,4
2024-04-30,Sugar,60,27,1
2024-05-01,Sugar,37,32,5
2024-05-02,Sugar,47,31,11
2024-05-03,Sugar,56,30,11
2024-05-04,Sugar,50,27,11
2024-05-05,Sugar,47,32,11
2024-05-06,Sugar,57,31,5
2024-05-07,Sugar,55,34,7
2024-05-08,Sugar,55,33,8
2024-05-09,Sugar,35,30,6
2024-05-10,Sugar,53,31,10
2024-05-11,Sugar,45,31,13
2024-05-12,Sugar,47,35,1
2024-05-13,Sugar,57,25,4
2024-05-14,Sugar,59,31,6
2024-05-15,Sugar,61,37,11
2024-05-16,Sugar,52,32,2
2024-05-17,Sugar,49,32,2
2024-05-18,Sugar,44,31,1
2024-05-19,Sugar,50,28,10
2024-05-20,Sugar,40,35,8
2024-05-21,Sugar,55,37,8
2024-05-22,Sugar,55,34,7
2024-05-23,Sugar,50,37,12
2024-05-24,Sugar,51,31,3
2024-05-25,Sugar,39,30,4
2024-05-26,Sugar,62,25,11
2024-05-27,Sugar,43,26,8
2024-05-28,Sugar,60,26,8
2024-05-29,Sugar,40,35,8
2024-05-30,Sugar,63,30,5
2024-05-31,Sugar,47,35,13
2024-06-01,Sugar,36,32,2
2024-06-02,Sugar,57,29,2
2024-06-03,Sugar,35,32,2
2024-06-04,Sugar,52,25,3
2024-06-05,Sugar,63,32,12
2024-06-06,Sugar,37,25,3
2024-06-07,Sugar,59,37,0
2024-06-08,Sugar,62,35,1
2024-06-09,Sugar,59,26,12
2024-06-10,Sugar,53,31,2
2024-06-11,Sugar,59,30,2
2024-06-12,Sugar,43,25,9
2024-06-13,Sugar,53,25,1
2024-06-14,Sugar,50,36,7
2024-06-15,Sugar,57,26,1
2024-06-16,Sugar,59,37,12
2024-06-17,Sugar,40,29,9
2024-06-18,Sugar,40,33,10
2024-06-19,Sugar,41,34,9
2024-06-20,Sugar,64,33,3
2024-06-21,Sugar,52,36,7
2024-06-22,Sugar,54,37,8
2024-06-23,Sugar,49,28,14
2024-06-24,Sugar,42,33,12
2024-06-25,Sugar,43,34,3
2024-06-26,Sugar,51,27,8
2024-06-27,Sugar,54,29,6
2024-06-28,Sugar,39,28,14
2024-06-29,Sugar,52,26,12
2024-06-30,Sugar,47,28,9
2024-07-01,Sugar,47,34,12
2024-07-02,Sugar,43,32,2
2024-07-03,Sugar,50,33,13
2024-07-04,Sugar,55,35,2
2024-07-05,Sugar,39,37,9
2024-07-06,Sugar,47,28,7
2024-07-07,Sugar,47,36,4
2024-07-08,Sugar,44,36,7
2024-07-09,Sugar,43,28,6
2024-07-10,Sugar,36,30,7
2024-07-11,Sugar,62,31,6
2024-07-12,Sugar,42,31,4
2024-07-13,Sugar,57,37,13
2024-07-14,Sugar,60,27,4
2024-07-15,Sugar,57,33,14
2024-07-16,Sugar,52,28,11
2024-07-17,Sugar,57,25,12
2024-07-18,Sugar,36,33,12
2024-07-19,Sugar,60,31,11
2024-07-20,Sugar,44,31,5
2024-07-21,Sugar,37,34,2
2024-07-22,Sugar,52,35,5
2024-07-23,Sugar,54,29,2
2024-07-24,Sugar,56,35,11
2024-07-25,Sugar,53,32,8
2024-07-26,Sugar,38,33,11
2024-07-27,Sugar,57,27,6
2024-07-28,Sugar,48,25,2
2024-07-29,Sugar,40,28,6
2024-07-30,Sugar,64,27,0
2024-07-31,Sugar,59,30,7
2024-08-01,Sugar,53,32,1
2024-08-02,Sugar,62,28,2
2024-08-03,Sugar,44,25,14
2024-08-04,Sugar,47,37,6
2024-08-05,Sugar,61,34,1
2024-08-06,Sugar,38,33,5
2024-08-07,Sugar,58,26,6
2024-08-08,Sugar,40,37,13
2024-08-09,Sugar,59,31,0
2024-08-10,Sugar,48,32,10
2024-08-11,Sugar,60,27,13
2024-08-12,Sugar,36,36,2
2024-08-13,Sugar,45,30,12
2024-08-14,Sugar,48,27,9
2024-08-15,Sugar,50,29,5
2024-08-16,Sugar,58,31,13
2024-08-17,Sugar,61,32,2
2024-08-18,Sugar,54,30,10
2024-08-19,Sugar,41,33,12
2024-08-20,Sugar,35,37,14
2024-08-21,Sugar,42,32,5
2024-08-22,Sugar,38,27,10
2024-08-23,Sugar,37,30,12
2024-08-24,Sugar,42,31,10
2024-08-25,Sugar,35,35,5
2024-08-26,Sugar,41,36,6
2024-08-27,Sugar,43,35,10
2024-08-28,Sugar,44,29,0
2024-08-29,Sugar,52,28,4
2024-08-30,Sugar,43,35,14
2024-08-31,Sugar,51,27,4
2024-09-01,Sugar,50,27,3
2024-09-02,Sugar,49,27,3
2024-09-03,Sugar,48,37,12
2024-09-04,Sugar,51,36,7
2024-09-05,Sugar,54,31,1
2024-09-06,Sugar,52,30,13
2024-09-07,Sugar,52,30,10
2024-09-08,Sugar,49,26,3
2024-09-09,Sugar,57,32,14
2024-09-10,Sugar,37,37,8
2024-09-11,Sugar,36,32,7
2024-09-12,Sugar,63,28,0
2024-09-13,Sugar,47,25,1
2024-09-14,Sugar,64,36,13
2024-09-15,Sugar,59,37,1
2024-09-16,Sugar,52,30,6
2024-09-17,Sugar,63,31,14
2024-09-18,Sugar,63,33,5
2024-09-19,Sugar,48,32,10
2024-09-20,Sugar,56,26,0
2024-09-21,Sugar,39,33,7
2024-09-22,Sugar,64,37,3
2024-09-23,Sugar,55,37,4
2024-09-24,Sugar,56,27,4
2024-09-25,Sugar,50,26,9
2024-09-26,Sugar,51,35,0
2024-09-27,Sugar,50,34,6
2024-09-28,Sugar,36,28,4
2024-09-29,Sugar,41,26,13
2024-09-30,Sugar,40,25,6
2024-10-01,Sugar,59,29,4
2024-10-02,Sugar,54,27,8
2024-10-03,Sugar,39,32,8
2024-10-04,Sugar,39,34,8
2024-10-05,Sugar,36,33,10
2024-10-06,Sugar,38,30,5
2024-10-07,Sugar,56,26,6
2024-10-08,Sugar,63,30,10
2024-10-09,Sugar,48,25,1
2024-10-10,Sugar,41,25,14
2024-10-11,Sugar,35,25,7
2024-10-12,Sugar,38,28,12
2024-10-13,Sugar,52,35,10
2024-10-14,Sugar,61,25,11
2024-10-15,Sugar,44,33,6
2024-10-16,Sugar,38,36,5
2024-10-17,Sugar,64,26,6
2024-10-18,Sugar,52,34,7
2024-10-19,Sugar,58,25,12
2024-10-20,Sugar,58,26,5
2024-10-21,Sugar,47,25,4
2024-10-22,Sugar,45,31,12
2024-10-23,Sugar,44,25,14
2024-10-24,Sugar,52,31,5
2024-10-25,Sugar,53,34,1
2024-10-26,Sugar,60,28,2
2024-10-27,Sugar,41,32,1
2024-10-28,Sugar,44,31,7
2024-10-29,Sugar,40,30,9
2024-10-30,Sugar,35,28,13
2024-10-31,Sugar,51,28,1
2024-11-01,Sugar,45,37,4
2024-11-02,Sugar,60,33,10
2024-11-03,Sugar,49,36,9
2024-11-04,Sugar,53,32,2
2024-11-05,Sugar,40,28,7
2024-11-06,Sugar,61,30,7
2024-11-07,Sugar,35,30,0
2024-11-08,Sugar,51,32,14
2024-11-09,Sugar,41,27,5
2024-11-10,Sugar,59,31,11
2024-11-11,Sugar,37,37,5
2024-11-12,Sugar,45,28,13
2024-11-13,Sugar,63,27,8
2024-11-14,Sugar,44,26,0
2024-11-15,Sugar,64,26,6
2024-11-16,Sugar,60,25,5
2024-11-17,Sugar,48,31,8
2024-11-18,Sugar,49,32,5
2024-11-19,Sugar,37,32,6
2024-11-20,Sugar,53,33,11
2024-11-21,Sugar,36,27,1
2024-11-22,Sugar,63,25,3
2024-11-23,Sugar,55,37,5
2024-11-24,Sugar,39,25,2
2024-11-25,Sugar,35,35,4
2024-11-26,Sugar,55,36,10
2024-11-27,Sugar,63,30,7
2024-11-28,Sugar,60,36,0
2024-11-29,Sugar,38,34,10
2024-11-30,Sugar,51,33,10
2024-12-01,Sugar,57,31,11
2024-12-02,Sugar,55,31,11
2024-12-03,Sugar,49,26,13
2024-12-04,Sugar,47,28,13
2024-12-05,Sugar,48,31,2
2024-12-06,Sugar,36,34,1
2024-12-07,Sugar,63,25,4
2024-12-08,Sugar,46,30,5
2024-12-09,Sugar,43,28,0
2024-12-10,Sugar,56,29,9
2024-12-11,Sugar,40,27,1
2024-12-12,Sugar,40,37,0
2024-12-13,Sugar,57,31,9
2024-12-14,Sugar,47,31,14
2024-12-15,Sugar,46,35,9
2024-12-16,Sugar,35,28,12
2024-12-17,Sugar,57,35,8
2024-12-18,Sugar,39,37,1
2024-12-19,Sugar,57,34,0
2024-12-20,Sugar,50,31,5
2024-12-21,Sugar,57,37,9
2024-12-22,Sugar,37,27,6
2024-12-23,Sugar,63,26,0
2024-12-24,Sugar,43,33,6
2024-12-25,Sugar,41,27,9
2024-12-26,Sugar,52,35,6
2024-12-27,Sugar,43,25,12
2024-12-28,Sugar,48,28,5
2024-12-29,Sugar,41,34,6
2024-12-30,Sugar,60,26,13
